time,average,count,minimum,maximum,standard_deviation,standard_error
2017-05-01T00:00:00,80.31349,38330,52.8,98.2,9.320899,0.047608926925668246
2017-06-01T00:00:00,79.15106,43200,48.7,98.3,9.838068,0.04733342677473982
2017-07-01T00:00:00,80.70252,44633,53.8,98.2,10.065095,0.0476419837539694
2017-08-01T00:00:00,80.55452,44636,56.3,97.3,9.013504,0.042662963806914436
2017-09-01T00:00:00,76.637054,43198,43.2,98.0,9.830077,0.047296075671068895
2017-10-01T00:00:00,77.929276,44623,46.0,96.2,10.2042265,0.04830595889005129
2017-11-01T00:00:00,81.941765,43198,53.7,96.6,8.944669,0.043036053900457644
2017-12-01T00:00:00,80.84764,44637,47.1,95.8,8.294106,0.03925744740795032
2018-01-01T00:00:00,78.33033,44636,48.0,96.0,10.1851,0.048208392020884956
2018-02-01T00:00:00,76.233315,40316,42.4,96.6,11.120392,0.05538362427586216
2018-03-01T00:00:00,79.80978,44639,45.7,97.1,12.411019,0.05874220213219417
2018-04-01T00:00:00,76.810036,43200,47.4,97.5,11.127162,0.05353558303568416
2018-05-01T00:00:00,73.61538,25062,42.5,96.9,11.251701,0.07107393056756528
2018-06-01T00:00:00,,0,,,,
2018-07-01T00:00:00,,0,,,,
2018-08-01T00:00:00,,0,,,,
2018-09-01T00:00:00,,0,,,,
2018-10-01T00:00:00,76.129745,23459,50.7,96.1,9.749396,0.06365360102576652
2018-11-01T00:00:00,72.013016,41190,44.5,96.9,10.25464,0.05052711560402105
2018-12-01T00:00:00,77.66165,44639,43.3,96.1,10.968333,0.05191387037647866
2019-01-01T00:00:00,81.62435,44584,58.3,96.6,6.963119,0.032977239942892464
2019-02-01T00:00:00,75.042915,40303,47.7,96.1,10.69315,0.05326438956061315
2019-03-01T00:00:00,76.20751,44588,40.1,97.2,11.046584,0.052314130113461546
2019-04-01T00:00:00,74.10604,41758,45.8,96.8,11.657741,0.05704854103827869
2019-05-01T00:00:00,78.40382,44639,48.1,96.9,9.622741,0.04554508917653278
2019-06-01T00:00:00,76.90654,43200,49.0,97.3,9.9140625,0.04769905544281478
2019-07-01T00:00:00,79.90026,44603,53.0,97.0,9.364108,0.044338845706198185
2019-08-01T00:00:00,81.695145,44598,56.0,98.1,9.781435,0.04631747569135006
2019-09-01T00:00:00,78.74414,43200,49.7,96.9,10.685566,0.05141095314001733
2019-10-01T00:00:00,75.32354,44639,47.6,97.1,11.699691,0.05537543572772937
2019-11-01T00:00:00,79.00563,43194,53.0,97.5,10.289731,0.049509929788744494
2019-12-01T00:00:00,76.338264,43198,47.9,96.6,10.500463,0.05052154340613131
2020-01-01T00:00:00,78.78775,44639,50.9,98.0,10.597694,0.05015961139753774
2020-02-01T00:00:00,78.97258,41753,45.4,96.9,10.011897,0.048997343460586096
2020-03-01T00:00:00,74.81371,44640,43.5,96.5,10.587019,0.05010852259600906
2020-04-01T00:00:00,77.88072,43187,47.9,97.4,10.092214,0.04856349302677029
2020-05-01T00:00:00,78.326675,44563,46.3,97.7,11.343774,0.053736620417784
2020-06-01T00:00:00,81.801285,43197,53.8,98.3,9.051013,0.043548218682727964
2020-07-01T00:00:00,76.39768,44637,49.7,96.7,9.664317,0.0457428977896645
2020-08-01T00:00:00,79.39806,40897,47.8,96.8,11.194286,0.05535421370490209
2020-09-01T00:00:00,75.43414,43200,38.3,95.9,11.150221,0.05364652517816069
2020-10-01T00:00:00,77.48523,44640,47.5,97.0,10.551551,0.049940651529458785
2020-11-01T00:00:00,73.26845,43198,44.7,96.0,11.731414,0.05644409775161944
2020-12-01T00:00:00,76.86873,44640,48.5,95.8,9.087723,0.043012330819196976
2021-01-01T00:00:00,82.38058,44632,47.4,97.1,9.686653,0.04585118607600192
2021-02-01T00:00:00,76.50139,40319,47.8,95.7,9.908378,0.04934551374508516
2021-03-01T00:00:00,78.9409,44639,54.5,97.6,10.049102,0.04756308530725706
2021-04-01T00:00:00,82.07503,43196,48.1,100.2,9.564491,0.046019310660755326
2021-05-01T00:00:00,79.15894,44639,50.6,97.0,10.786478,0.05105313728612256
2021-06-01T00:00:00,80.196945,43199,50.9,97.3,9.948612,0.04786583683358516
2021-07-01T00:00:00,82.694,40860,57.1,104.0,10.490891,0.051899504616124144
2021-08-01T00:00:00,83.47717,29461,54.8,104.0,11.535212,0.06720503662690254
2021-09-01T00:00:00,82.09457,28608,54.0,104.0,11.048202,0.06532025030332694
2021-10-01T00:00:00,80.405426,27533,45.7,104.0,12.109957,0.07298201071961137
2021-11-01T00:00:00,82.601616,42515,55.6,98.0,10.553378,0.05118237171318521
2021-12-01T00:00:00,77.828804,44122,45.5,98.1,11.028348,0.052502848394081834
2022-01-01T00:00:00,78.41464,43741,46.0,98.2,11.3443985,0.05424217804697326
2022-02-01T00:00:00,76.92121,38748,44.7,98.4,11.4923315,0.05838260909304396
2022-03-01T00:00:00,79.08671,44640,45.4,99.1,13.448285,0.06365093895407409
2022-04-01T00:00:00,77.75151,40306,45.9,99.1,10.800904,0.05379913175025223
2022-05-01T00:00:00,80.76141,44162,44.9,100.1,12.122663,0.057686428188454736
2022-06-01T00:00:00,90.14991,40621,63.3,101.3,8.36494,0.04150376628298887
2022-07-01T00:00:00,88.26239,42699,52.6,101.6,10.419846,0.05042575749061374
2022-08-01T00:00:00,82.96127,39583,46.7,101.9,11.5948715,0.05827893241800668
2022-09-01T00:00:00,85.623055,39996,51.3,102.2,10.997539,0.05499044242380945
2022-10-01T00:00:00,75.91099,182237,34.9,102.6,13.924078,0.03261731203706121
2022-11-01T00:00:00,83.695656,258074,49.7,103.0,12.758494,0.02511465981889214
2022-12-01T00:00:00,83.717285,267840,48.2,103.3,12.840727,0.02481143538040749
2023-01-01T00:00:00,85.196976,267828,44.8,103.5,12.067785,0.02331844492312785
2023-02-01T00:00:00,81.01951,241917,46.1,103.4,12.631595,0.025681772046210933
2023-03-01T00:00:00,84.512856,267734,48.8,103.7,11.655178,0.022525121897560684
2023-04-01T00:00:00,82.00527,250554,43.6,103.7,12.708026,0.02538793759645255
2023-05-01T00:00:00,80.65535,126360,60.2,102.9,8.104251,0.022798594264310554
2023-06-01T00:00:00,82.841606,259198,55.6,100.0,9.573264,0.018803739153103884
2023-07-01T00:00:00,80.95284,267838,52.9,99.4,10.993281,0.021241796644292335
2023-08-01T00:00:00,77.48468,267801,50.7,98.5,9.704633,0.018753097360323365
2023-09-01T00:00:00,74.59936,256426,46.2,96.7,11.062154,0.02184533273470602
2023-10-01T00:00:00,75.24203,242763,50.0,97.0,10.813995,0.021947998966592476
2023-11-01T00:00:00,81.57104,254044,40.6,96.5,10.4549885,0.020742881556224852
2023-12-01T00:00:00,75.44237,258903,45.8,96.1,10.697288,0.021023505317852346
2024-01-01T00:00:00,78.81717,267832,50.5,96.9,9.515504,0.018386563190100357
2024-02-01T00:00:00,78.00196,250462,53.1,94.7,8.985452,0.0179543212611716
2024-03-01T00:00:00,72.53923,267810,45.6,93.3,9.538149,0.0184310765236249
2024-04-01T00:00:00,77.08892,259193,47.3,94.5,9.360217,0.01838545098657527
2024-05-01T00:00:00,76.96299,266335,41.1,94.5,10.4529295,0.020254610685000802
2024-06-01T00:00:00,76.58985,259190,45.0,94.1,9.094229,0.017863096848284892
2024-07-01T00:00:00,77.09254,267819,48.0,94.1,9.233603,0.01784228546888783
2024-08-01T00:00:00,74.32263,267831,34.0,94.1,9.424229,0.0182102284372737
2024-09-01T00:00:00,70.660866,259169,44.1,93.7,11.133137,0.021868853592171944
2024-10-01T00:00:00,73.28862,267819,47.0,95.3,11.413279,0.022054119616930958
2024-11-01T00:00:00,76.29032,258820,49.4,95.4,9.1385765,0.017963031672209813
2024-12-01T00:00:00,75.95042,259171,48.0,96.7,9.606171,0.018869356748325464
2025-01-01T00:00:00,77.56748,267836,45.5,94.5,8.918724,0.017233292213969797
2025-02-01T00:00:00,77.18428,241909,46.7,95.6,10.625975,0.02160442751331955
2025-03-01T00:00:00,72.35522,267839,45.7,96.8,10.515455,0.020318477947715005
2025-04-01T00:00:00,75.024254,259188,46.6,95.1,9.542261,0.018743204843256443
2025-05-01T00:00:00,81.20657,266870,50.2,97.5,9.569989,0.01852514304105783
2025-06-01T00:00:00,78.802025,259167,47.7,96.9,10.447659,0.02052244589261636
2025-07-01T00:00:00,74.20435,267834,51.4,95.1,9.535852,0.01842581337124065
2025-08-01T00:00:00,71.51119,267828,44.9,93.7,9.855652,0.0190439645687702
2025-09-01T00:00:00,72.24024,259176,44.1,97.4,12.639394,0.024827263522048868
2025-10-01T00:00:00,79.89173,267817,49.0,98.3,11.151087,0.02154756136487585
2025-11-01T00:00:00,73.41237,257576,46.1,96.3,11.788213,0.023227114933341345
2025-12-01T00:00:00,77.24915,267838,42.0,97.9,12.633058,0.02441025854953057
