2013-12-01T00:00:00.000000000,81.273865,1440,69.54,89.7,5.9095526,0.1557
2014-01-01T00:00:00.000000000,79.797646,44640,50.04,98.4,11.618776,0.055
2014-02-01T00:00:00.000000000,76.32209,38771,44.09,96.5,12.331604,0.0626
2014-03-01T00:00:00.000000000,79.71632,44640,44.04,96.3,11.374134,0.0538
2014-04-01T00:00:00.000000000,77.631966,43200,51.18,97.2,10.111635,0.0486
2014-05-01T00:00:00.000000000,79.0507,44640,50.43,97.3,10.499756,0.0497
2014-06-01T00:00:00.000000000,77.817856,43200,47.11,97.7,11.729828,0.0564
2014-07-01T00:00:00.000000000,79.67848,44640,45.26,97.3,10.557031,0.05
2014-08-01T00:00:00.000000000,84.34591,44640,61.69,97.4,8.337501,0.0395
2014-09-01T00:00:00.000000000,79.45565,43200,44.9,97.4,8.942453,0.043
2014-10-01T00:00:00.000000000,81.472885,44640,48.52,98.4,11.958706,0.0566
2014-11-01T00:00:00.000000000,78.05874,43200,44.92,98.7,12.66008,0.0609
2014-12-01T00:00:00.000000000,79.07172,44640,46.76,96.6,10.7536335,0.0509
2015-01-01T00:00:00.000000000,79.41724,44614,50.71,98.0,10.662684,0.0505
2015-02-01T00:00:00.000000000,79.712845,40320,48.17,98.2,10.616774,0.0529
2015-03-01T00:00:00.000000000,76.53169,44640,45.42,97.4,11.347466,0.0537
2015-04-01T00:00:00.000000000,73.970436,43200,43.01,97.5,11.888011,0.0572
2015-05-01T00:00:00.000000000,81.00244,44640,48.45,97.5,9.604438,0.0455
2015-06-01T00:00:00.000000000,78.56579,43200,47.8,96.4,10.519149,0.0506
2015-07-01T00:00:00.000000000,81.74551,44640,50.31,97.4,10.605469,0.0502
2015-08-01T00:00:00.000000000,74.86532,44640,44.71,97.4,11.646698,0.0551
2015-09-01T00:00:00.000000000,81.58764,43070,-1.001,98.5,10.103009,0.0487
2015-10-01T00:00:00.000000000,77.02975,44640,42.18,98.7,10.391023,0.0492
2015-11-01T00:00:00.000000000,82.53551,43200,55.4,99.8,9.64871,0.0464
2015-12-01T00:00:00.000000000,77.89691,44524,50.54,98.7,10.06889,0.0477
2016-01-01T00:00:00.000000000,82.56743,44640,52.61,99.9,10.022192,0.0474
2016-02-01T00:00:00.000000000,82.69034,41700,47.54,99.7,9.973051,0.0488
2016-03-01T00:00:00.000000000,76.229706,44640,44.58,98.2,10.127264,0.0479
2016-04-01T00:00:00.000000000,78.18829,43200,49.04,98.2,10.040302,0.0483
2016-05-01T00:00:00.000000000,79.43829,44640,47.77,99.2,11.746501,0.0556
2016-06-01T00:00:00.000000000,84.2377,43200,56.0,99.7,8.888554,0.0428
2016-07-01T00:00:00.000000000,82.60588,44640,41.16,99.7,10.7537565,0.0509
2016-08-01T00:00:00.000000000,78.439804,44640,53.95,99.5,10.564908,0.05
2016-09-01T00:00:00.000000000,77.757904,43200,45.38,98.9,12.075478,0.0581
2016-10-01T00:00:00.000000000,74.80708,44640,42.63,97.9,11.485337,0.0544
2016-11-01T00:00:00.000000000,79.33712,43200,50.61,99.0,10.063889,0.0484
2016-12-01T00:00:00.000000000,80.729774,44640,47.36,98.7,9.974541,0.0472
2017-01-01T00:00:00.000000000,83.43623,44640,53.05,97.6,8.816215,0.0417
2017-02-01T00:00:00.000000000,80.53085,40320,45.92,98.7,10.482152,0.0522
2017-03-01T00:00:00.000000000,77.57259,44640,46.6,97.9,10.418335,0.0493
2017-04-01T00:00:00.000000000,82.36747,43193,49.65,99.3,9.287795,0.0447
2017-05-01T00:00:00.000000000,80.957985,44639,51.48,99.0,9.427511,0.0446
2017-06-01T00:00:00.000000000,80.13564,43200,49.88,99.6,10.181216,0.049
2017-07-01T00:00:00.000000000,81.15458,44640,52.63,99.4,10.8048725,0.0511
2017-08-01T00:00:00.000000000,81.555664,44640,56.08,98.3,9.34435,0.0442
2017-09-01T00:00:00.000000000,77.66295,43200,43.75,99.3,10.2644825,0.0494
2017-10-01T00:00:00.000000000,79.200676,44640,46.58,97.5,10.495252,0.0497
2017-11-01T00:00:00.000000000,83.459946,43200,54.09,98.6,9.067582,0.0436
2017-12-01T00:00:00.000000000,82.38824,44640,49.47,97.8,8.469982,0.0401
2018-01-01T00:00:00.000000000,79.97818,44640,49.11,97.7,10.179925,0.0482
2018-02-01T00:00:00.000000000,77.818054,40320,42.37,98.8,11.262664,0.0561
2018-03-01T00:00:00.000000000,81.3472,44640,46.55,99.3,12.502865,0.0592
2018-04-01T00:00:00.000000000,78.07304,43200,44.87,99.8,11.651173,0.0561
2018-05-01T00:00:00.000000000,75.366394,44640,42.26,98.2,12.18728,0.0577
2018-06-01T00:00:00.000000000,80.11011,43197,29.42,98.5,10.7870455,0.0519
2018-07-01T00:00:00.000000000,76.415985,44640,49.47,97.3,11.828031,0.056
2018-08-01T00:00:00.000000000,78.08593,44640,51.11,98.1,11.218714,0.0531
2018-09-01T00:00:00.000000000,78.15226,43200,45.21,97.5,10.405552,0.0501
2018-10-01T00:00:00.000000000,77.67458,44637,14.39,97.2,10.9818325,0.052
2018-11-01T00:00:00.000000000,74.40253,43200,46.95,98.2,10.168602,0.0489
2018-12-01T00:00:00.000000000,79.87885,44640,44.78,98.2,10.757913,0.0509
2019-01-01T00:00:00.000000000,83.594894,44640,59.71,98.6,7.234451,0.0342
2019-02-01T00:00:00.000000000,77.04404,40320,49.7,97.7,10.530233,0.0524
2019-03-01T00:00:00.000000000,77.88375,44640,44.39,98.8,11.112824,0.0526
2019-04-01T00:00:00.000000000,76.016335,43200,47.17,98.0,11.819746,0.0569
2019-05-01T00:00:00.000000000,79.72412,44640,50.56,98.1,10.045949,0.0475
2019-06-01T00:00:00.000000000,78.06378,43200,50.13,98.4,10.458409,0.0503
2019-07-01T00:00:00.000000000,80.55955,44640,52.64,98.1,10.016507,0.0474
2019-08-01T00:00:00.000000000,82.514,44640,55.85,99.3,10.254278,0.0485
2019-09-01T00:00:00.000000000,79.53625,43200,48.79,98.5,11.240554,0.0541
2019-10-01T00:00:00.000000000,76.56179,44640,46.06,97.8,11.891757,0.0563
2019-11-01T00:00:00.000000000,80.36076,43200,53.62,98.8,10.417496,0.0501
2019-12-01T00:00:00.000000000,77.67726,44640,46.98,97.1,10.249464,0.0485
2020-01-01T00:00:00.000000000,80.120384,44640,50.8,98.8,10.543346,0.0499
2020-02-01T00:00:00.000000000,80.124535,41760,43.74,98.3,10.371118,0.0508
2020-03-01T00:00:00.000000000,75.79553,44640,43.79,97.1,10.951079,0.0518
2020-04-01T00:00:00.000000000,78.589066,43200,47.83,98.4,10.713299,0.0515
2020-05-01T00:00:00.000000000,78.860664,44640,46.54,98.5,11.856116,0.0561
2020-06-01T00:00:00.000000000,81.98266,43200,54.92,99.0,9.730615,0.0468
2020-07-01T00:00:00.000000000,76.2945,44640,47.2,98.0,10.844274,0.0513
2020-08-01T00:00:00.000000000,78.88153,44640,46.36,98.3,12.3988285,0.0587
2020-09-01T00:00:00.000000000,76.1402,43200,38.45,98.1,11.828004,0.0569
2020-10-01T00:00:00.000000000,78.283936,44640,46.97,98.7,11.186196,0.0529
2020-11-01T00:00:00.000000000,74.442474,43200,43.93,97.8,12.073203,0.0581
2020-12-01T00:00:00.000000000,77.978424,44640,48.86,96.9,9.131878,0.0432
2021-01-01T00:00:00.000000000,83.74516,44640,48.86,98.7,9.915907,0.0469
2021-02-01T00:00:00.000000000,77.76651,40320,48.37,97.6,10.176097,0.0507
2021-03-01T00:00:00.000000000,80.0062,44639,53.83,99.9,10.851794,0.0514
2021-04-01T00:00:00.000000000,82.38203,43200,47.53,98.5,9.821121,0.0473
2021-05-01T00:00:00.000000000,79.767654,44640,50.51,98.6,11.497407,0.0544
2021-06-01T00:00:00.000000000,80.234375,43200,50.3,97.9,11.07749,0.0533
2021-07-01T00:00:00.000000000,81.59572,44640,55.0,99.1,10.066863,0.0476
2021-08-01T00:00:00.000000000,81.423805,44640,51.92,99.6,10.768068,0.051
2021-09-01T00:00:00.000000000,79.97676,43200,49.62,100.2,10.999682,0.0529
2021-10-01T00:00:00.000000000,84.93271,44640,47.66,100.2,12.013044,0.0569
2021-11-01T00:00:00.000000000,87.909874,43200,57.66,100.2,11.747904,0.0565
2021-12-01T00:00:00.000000000,79.426575,44623,8.16,100.8,10.982731,0.052
2022-01-01T00:00:00.000000000,80.115,44640,48.24,101.6,11.23638,0.0532
2022-02-01T00:00:00.000000000,78.12244,40320,44.52,100.9,11.462813,0.0571
2022-03-01T00:00:00.000000000,80.0407,44640,47.1,101.6,13.078727,0.0619
2022-04-01T00:00:00.000000000,77.94731,43200,46.75,100.6,10.51078,0.0506
2022-05-01T00:00:00.000000000,80.20678,30816,45.48,101.6,11.81619,0.0673
2022-06-01T00:00:00.000000000,nan,0,nan,nan,nan,nan
2022-07-01T00:00:00.000000000,nan,0,nan,nan,nan,nan
2022-08-01T00:00:00.000000000,nan,0,nan,nan,nan,nan
2022-09-01T00:00:00.000000000,nan,0,nan,nan,nan,nan
2022-10-01T00:00:00.000000000,76.79173,39459,33.18,101.4,16.19581,0.0815
2022-11-01T00:00:00.000000000,79.99223,43011,44.62,101.3,14.394244,0.0694
2022-12-01T00:00:00.000000000,80.5289,44640,47.54,101.3,14.408727,0.0682
2023-01-01T00:00:00.000000000,81.24482,44640,45.78,101.3,13.479662,0.0638
2023-02-01T00:00:00.000000000,75.81219,40306,31.19,101.3,11.74828,0.0585
2023-03-01T00:00:00.000000000,79.04226,44595,-0.516,97.8,9.3636055,0.0443
2023-04-01T00:00:00.000000000,77.006424,43193,0.815,96.2,10.17446,0.049
2023-05-01T00:00:00.000000000,83.415924,44640,56.68,98.8,8.422498,0.0399
2023-06-01T00:00:00.000000000,83.4377,43200,56.7,97.9,8.660008,0.0417
2023-07-01T00:00:00.000000000,82.28292,44640,55.53,99.3,10.24816,0.0485
2023-08-01T00:00:00.000000000,80.078545,44640,53.08,98.6,9.59691,0.0454
2023-09-01T00:00:00.000000000,77.88678,43149,50.23,98.1,10.9595585,0.0528
2023-10-01T00:00:00.000000000,79.5284,44353,0.509,98.9,10.456302,0.0496
2023-11-01T00:00:00.000000000,85.232,43177,5.848,99.2,10.064048,0.0484
2023-12-01T00:00:00.000000000,79.76804,44523,-0.597,98.3,10.554632,0.05
2024-01-01T00:00:00.000000000,82.921814,44639,54.87,99.3,9.347795,0.0442
2024-02-01T00:00:00.000000000,82.26508,41744,53.14,98.2,9.04239,0.0443
2024-03-01T00:00:00.000000000,76.763275,44637,50.73,96.2,9.587619,0.0454
2024-04-01T00:00:00.000000000,81.461,43200,52.44,98.0,9.370298,0.0451
2024-05-01T00:00:00.000000000,81.259026,44640,46.52,98.1,10.516087,0.0498
2024-06-01T00:00:00.000000000,79.66338,43137,44.74,98.1,9.948548,0.0479
2024-07-01T00:00:00.000000000,79.11941,44636,48.62,97.3,10.172337,0.0481
2024-08-01T00:00:00.000000000,76.250984,44639,35.3,97.4,10.482712,0.0496
2024-09-01T00:00:00.000000000,72.571396,43198,43.88,96.2,12.073256,0.0581
2024-10-01T00:00:00.000000000,75.8845,44640,47.59,97.7,11.673854,0.0553
2024-11-01T00:00:00.000000000,79.14547,43199,51.29,97.9,9.333188,0.0449
2024-12-01T00:00:00.000000000,79.13441,44640,49.1,98.0,9.751423,0.0462
2025-01-01T00:00:00.000000000,80.43093,44640,47.66,95.9,8.940636,0.0423
2025-02-01T00:00:00.000000000,80.01818,40320,47.41,97.0,10.647565,0.053
2025-03-01T00:00:00.000000000,75.13306,44640,47.09,98.3,10.549402,0.0499
2025-04-01T00:00:00.000000000,77.902214,43200,49.79,96.6,9.724904,0.0468
2025-05-01T00:00:00.000000000,83.706276,44566,52.47,98.1,9.39169,0.0445
2025-06-01T00:00:00.000000000,74.718185,2880,58.77,89.5,8.100724,0.1509
