2013-12-01T00:00:00.000000000,16.805855,1440,15.69,18.78,0.80015147,0.0211
2014-01-01T00:00:00.000000000,15.044233,44640,8.16,20.23,2.0330656,0.0096
2014-02-01T00:00:00.000000000,14.95122,36845,9.06,20.14,2.0886078,0.0109
2014-03-01T00:00:00.000000000,15.33731,44640,9.22,20.92,2.336295,0.0111
2014-04-01T00:00:00.000000000,15.641363,43200,10.59,23.3,2.1462934,0.0103
2014-05-01T00:00:00.000000000,18.33084,44640,13.47,24.46,2.2144928,0.0105
2014-06-01T00:00:00.000000000,20.102821,43200,13.99,27.76,2.4163816,0.0116
2014-07-01T00:00:00.000000000,22.017756,44640,16.51,28.12,1.9908285,0.0094
2014-08-01T00:00:00.000000000,24.077728,44640,18.56,28.97,1.8562559,0.0088
2014-09-01T00:00:00.000000000,20.916117,43200,16.16,27.38,2.1285439,0.0102
2014-10-01T00:00:00.000000000,19.483519,44640,14.34,26.1,2.0959888,0.0099
2014-11-01T00:00:00.000000000,16.883001,43200,9.67,26.58,2.1727848,0.0105
2014-12-01T00:00:00.000000000,15.682741,44640,9.52,21.61,2.0966988,0.0099
2015-01-01T00:00:00.000000000,15.588254,44614,8.65,20.61,2.0866525,0.0099
2015-02-01T00:00:00.000000000,15.983876,40320,9.39,21.64,2.0944874,0.0104
2015-03-01T00:00:00.000000000,16.371582,44640,9.16,22.89,2.431524,0.0115
2015-04-01T00:00:00.000000000,16.202742,43200,10.35,23.86,2.3116972,0.0111
2015-05-01T00:00:00.000000000,17.84053,44640,12.19,23.69,1.9545013,0.0093
2015-06-01T00:00:00.000000000,21.221373,43200,16.52,27.8,2.3550735,0.0113
2015-07-01T00:00:00.000000000,23.359098,44640,17.03,29.05,2.2527683,0.0107
2015-08-01T00:00:00.000000000,22.803783,44640,16.99,28.54,2.1640732,0.0102
2015-09-01T00:00:00.000000000,21.270435,43093,14.73,27.57,2.29408,0.0111
2015-10-01T00:00:00.000000000,18.270603,44640,10.03,26.3,2.0007992,0.0095
2015-11-01T00:00:00.000000000,17.732645,43200,11.53,23.58,2.1100721,0.0102
2015-12-01T00:00:00.000000000,15.159754,44524,9.31,20.86,2.2165926,0.0105
2016-01-01T00:00:00.000000000,15.057574,44640,8.31,20.13,2.1740654,0.0103
2016-02-01T00:00:00.000000000,15.038489,41700,10.07,21.15,1.742468,0.0085
2016-03-01T00:00:00.000000000,15.169957,44640,8.83,21.55,1.8984474,0.009
2016-04-01T00:00:00.000000000,15.661839,43200,9.27,22.76,2.446253,0.0118
2016-05-01T00:00:00.000000000,17.44404,44640,11.27,24.33,2.0755029,0.0098
2016-06-01T00:00:00.000000000,19.386482,43200,13.86,26.51,1.9785146,0.0095
2016-07-01T00:00:00.000000000,22.344324,44640,17.47,28.93,2.0633907,0.0098
2016-08-01T00:00:00.000000000,23.91922,44640,18.39,29.98,2.1475291,0.0102
2016-09-01T00:00:00.000000000,22.434412,43200,15.93,29.91,2.3598173,0.0114
2016-10-01T00:00:00.000000000,19.07283,44640,13.92,25.63,2.0976515,0.0099
2016-11-01T00:00:00.000000000,17.269169,43200,12.78,23.13,1.7777901,0.0086
2016-12-01T00:00:00.000000000,16.562908,44640,10.35,21.61,2.0465941,0.0097
2017-01-01T00:00:00.000000000,16.078188,44640,8.49,20.85,1.7195444,0.0081
2017-02-01T00:00:00.000000000,15.476615,40320,10.17,20.38,1.8773948,0.0093
2017-03-01T00:00:00.000000000,15.18313,44640,8.83,21.22,2.0463567,0.0097
2017-04-01T00:00:00.000000000,16.276363,43193,10.75,22.25,1.8368281,0.0088
2017-05-01T00:00:00.000000000,16.76204,44639,9.37,23.77,2.134621,0.0101
2017-06-01T00:00:00.000000000,18.683458,43200,11.84,24.29,2.2680836,0.0109
2017-07-01T00:00:00.000000000,21.74687,44640,15.14,27.78,2.0448458,0.0097
2017-08-01T00:00:00.000000000,22.530535,44640,17.31,28.71,2.0402982,0.0097
2017-09-01T00:00:00.000000000,22.550299,43200,15.66,28.26,2.1299863,0.0102
2017-10-01T00:00:00.000000000,20.498407,44640,13.64,27.88,2.3556361,0.0111
2017-11-01T00:00:00.000000000,17.966787,43200,12.24,21.64,1.1790175,0.0057
2017-12-01T00:00:00.000000000,17.715256,44640,11.42,22.03,1.5700753,0.0074
2018-01-01T00:00:00.000000000,15.850427,44640,10.13,20.42,1.7337266,0.0082
2018-02-01T00:00:00.000000000,14.6069565,40320,7.961,19.7,1.9442979,0.0097
2018-03-01T00:00:00.000000000,15.105768,44640,7.348,21.41,2.4962256,0.0118
2018-04-01T00:00:00.000000000,15.454152,43200,7.853,21.33,2.0952034,0.0101
2018-05-01T00:00:00.000000000,17.323236,44640,12.03,24.44,2.1884134,0.0104
2018-06-01T00:00:00.000000000,20.901184,27341,16.2,27.24,2.380664,0.0144
2018-07-01T00:00:00.000000000,nan,0,nan,nan,nan,nan
2018-08-01T00:00:00.000000000,nan,0,nan,nan,nan,nan
2018-09-01T00:00:00.000000000,nan,0,nan,nan,nan,nan
2018-10-01T00:00:00.000000000,19.413225,20863,16.05,23.93,1.4614842,0.0101
2018-11-01T00:00:00.000000000,17.590502,43200,11.55,25.05,2.3339276,0.0112
2018-12-01T00:00:00.000000000,16.584795,44640,10.05,21.97,2.164995,0.0102
2019-01-01T00:00:00.000000000,15.9705925,44640,10.44,19.78,1.4934549,0.0071
2019-02-01T00:00:00.000000000,14.966968,40320,7.716,20.85,2.3996766,0.012
2019-03-01T00:00:00.000000000,15.63542,44640,11.56,21.08,1.7671863,0.0084
2019-04-01T00:00:00.000000000,15.943154,43200,11.21,24.11,2.0935943,0.0101
2019-05-01T00:00:00.000000000,18.1541,44640,11.05,25.22,2.5197558,0.0119
2019-06-01T00:00:00.000000000,19.398924,43200,13.27,25.5,1.9433964,0.0094
2019-07-01T00:00:00.000000000,22.57054,44640,17.19,28.02,2.1093364,0.01
2019-08-01T00:00:00.000000000,22.306524,44640,17.57,27.71,1.9593654,0.0093
2019-09-01T00:00:00.000000000,22.233246,43200,16.64,27.35,1.9122672,0.0092
2019-10-01T00:00:00.000000000,19.849522,44640,13.49,26.68,2.1996815,0.0104
2019-11-01T00:00:00.000000000,18.270397,43200,13.3,23.52,1.5774114,0.0076
2019-12-01T00:00:00.000000000,16.579746,44640,10.51,23.57,2.2645314,0.0107
2020-01-01T00:00:00.000000000,16.203117,44640,10.53,21.51,2.042354,0.0097
2020-02-01T00:00:00.000000000,15.708162,41760,9.16,22.56,2.1378286,0.0105
2020-03-01T00:00:00.000000000,15.596909,44640,9.54,23.36,2.1921248,0.0104
2020-04-01T00:00:00.000000000,16.312407,43200,10.01,22.76,2.0762606,0.01
2020-05-01T00:00:00.000000000,17.516459,44640,12.14,25.59,2.2190244,0.0105
2020-06-01T00:00:00.000000000,18.74832,43200,13.38,24.61,1.9881109,0.0096
2020-07-01T00:00:00.000000000,22.264015,44640,15.6,29.55,2.3513427,0.0111
2020-08-01T00:00:00.000000000,23.49159,44640,17.35,29.21,2.1981497,0.0104
2020-09-01T00:00:00.000000000,21.363626,43200,17.36,27.97,1.9456855,0.0094
2020-10-01T00:00:00.000000000,19.955137,44640,13.72,28.33,2.165732,0.0103
2020-11-01T00:00:00.000000000,16.513021,43200,10.58,23.24,1.9576277,0.0094
2020-12-01T00:00:00.000000000,15.929847,44640,11.25,21.48,1.758095,0.0083
2021-01-01T00:00:00.000000000,16.283405,44640,8.09,21.38,1.7999904,0.0085
2021-02-01T00:00:00.000000000,14.54248,40320,7.569,21.11,2.1345763,0.0106
2021-03-01T00:00:00.000000000,15.515726,44639,8.42,21.73,2.0134826,0.0095
2021-04-01T00:00:00.000000000,16.738674,43200,9.36,22.84,1.8373718,0.0088
2021-05-01T00:00:00.000000000,17.749128,44640,11.28,23.37,2.0405514,0.0097
2021-06-01T00:00:00.000000000,20.179268,43200,12.44,26.48,2.3045714,0.0111
2021-07-01T00:00:00.000000000,21.95984,44640,17.75,28.11,1.8233613,0.0086
2021-08-01T00:00:00.000000000,23.347885,44640,18.02,29.32,2.0695937,0.0098
2021-09-01T00:00:00.000000000,21.505018,43200,15.91,26.96,1.7724639,0.0085
2021-10-01T00:00:00.000000000,20.99765,44640,15.37,27.13,1.9284611,0.0091
2021-11-01T00:00:00.000000000,18.472282,43200,10.47,24.68,2.1744096,0.0105
2021-12-01T00:00:00.000000000,16.179485,44612,9.92,21.34,1.8105865,0.0086
2022-01-01T00:00:00.000000000,14.811919,44640,8.66,20.1,1.6085563,0.0076
2022-02-01T00:00:00.000000000,14.913399,40320,8.53,19.81,1.8784791,0.0094
2022-03-01T00:00:00.000000000,15.298224,44640,8.74,21.97,1.9030968,0.009
2022-04-01T00:00:00.000000000,15.99923,43200,10.29,22.9,2.0560384,0.0099
2022-05-01T00:00:00.000000000,16.620518,30816,11.69,22.86,2.139505,0.0122
2022-06-01T00:00:00.000000000,nan,0,nan,nan,nan,nan
2022-07-01T00:00:00.000000000,nan,0,nan,nan,nan,nan
2022-08-01T00:00:00.000000000,nan,0,nan,nan,nan,nan
2022-09-01T00:00:00.000000000,nan,0,nan,nan,nan,nan
2022-10-01T00:00:00.000000000,21.22617,3459,16.65,26.78,2.2214284,0.0378
2022-11-01T00:00:00.000000000,nan,0,nan,nan,nan,nan
2022-12-01T00:00:00.000000000,nan,0,nan,nan,nan,nan
2023-01-01T00:00:00.000000000,nan,0,nan,nan,nan,nan
2023-02-01T00:00:00.000000000,nan,0,nan,nan,nan,nan
2023-03-01T00:00:00.000000000,nan,0,nan,nan,nan,nan
2023-04-01T00:00:00.000000000,nan,0,nan,nan,nan,nan
2023-05-01T00:00:00.000000000,nan,0,nan,nan,nan,nan
2023-06-01T00:00:00.000000000,nan,0,nan,nan,nan,nan
2023-07-01T00:00:00.000000000,nan,0,nan,nan,nan,nan
2023-08-01T00:00:00.000000000,nan,0,nan,nan,nan,nan
2023-09-01T00:00:00.000000000,nan,0,nan,nan,nan,nan
2023-10-01T00:00:00.000000000,nan,0,nan,nan,nan,nan
2023-11-01T00:00:00.000000000,nan,0,nan,nan,nan,nan
2023-12-01T00:00:00.000000000,nan,0,nan,nan,nan,nan
2024-01-01T00:00:00.000000000,nan,0,nan,nan,nan,nan
2024-02-01T00:00:00.000000000,nan,0,nan,nan,nan,nan
2024-03-01T00:00:00.000000000,nan,0,nan,nan,nan,nan
2024-04-01T00:00:00.000000000,nan,0,nan,nan,nan,nan
2024-05-01T00:00:00.000000000,nan,0,nan,nan,nan,nan
2024-06-01T00:00:00.000000000,20.92831,26721,15.78,25.33,1.918818,0.0117
2024-07-01T00:00:00.000000000,23.47284,44636,17.06,29.75,2.0801477,0.0098
2024-08-01T00:00:00.000000000,24.716671,44639,18.75,29.87,2.157394,0.0102
2024-09-01T00:00:00.000000000,23.236784,43198,18.02,28.26,1.8198624,0.0088
2024-10-01T00:00:00.000000000,20.351017,44640,13.1,27.67,2.5105784,0.0119
2024-11-01T00:00:00.000000000,18.728367,43199,13.76,23.47,1.7687012,0.0085
2024-12-01T00:00:00.000000000,16.809376,44640,12.16,21.55,1.5045612,0.0071
2025-01-01T00:00:00.000000000,17.015785,44640,11.59,21.38,1.9448093,0.0092
2025-02-01T00:00:00.000000000,15.14733,40320,6.468,20.6,2.0845196,0.0104
2025-03-01T00:00:00.000000000,14.094184,44640,8.6,20.13,1.9759858,0.0094
2025-04-01T00:00:00.000000000,15.157425,43200,8.27,21.46,2.126126,0.0102
2025-05-01T00:00:00.000000000,17.24737,44566,11.2,23.38,2.1196458,0.01
2025-06-01T00:00:00.000000000,18.779507,2880,15.67,21.62,1.5545921,0.029
