2003-10-01T00:00:00.000000000,-0.87134033,1440,-3.414,0.131,0.79376996,0.0209
2003-11-01T00:00:00.000000000,-15.870939,43139,-34.46,1.399,8.274402,0.0398
2003-12-01T00:00:00.000000000,-22.135723,44525,-36.74,-6.452,5.2123413,0.0247
2004-01-01T00:00:00.000000000,-22.716995,44467,-33.64,-1.66,7.1572413,0.0339
2004-02-01T00:00:00.000000000,-31.189316,41205,-40.51,-22.56,3.8618174,0.019
2004-03-01T00:00:00.000000000,-26.697424,44638,-40.17,-3.833,7.42425,0.0351
2004-04-01T00:00:00.000000000,-17.874363,43199,-32.1,-2.142,5.4814296,0.0264
2004-05-01T00:00:00.000000000,-4.9392095,44639,-15.3,2.876,4.1069484,0.0194
2004-06-01T00:00:00.000000000,1.9818081,43196,-5.194,16.7,3.7598617,0.0181
2004-07-01T00:00:00.000000000,3.552583,26818,-1.783,18.89,3.2376294,0.0198
2004-08-01T00:00:00.000000000,nan,0,nan,nan,nan,nan
2004-09-01T00:00:00.000000000,-0.07175579,31713,-4.551,5.491,1.4925063,0.0084
2004-10-01T00:00:00.000000000,-3.8927965,31004,-12.81,0.738,2.7212865,0.0155
2004-11-01T00:00:00.000000000,-16.42343,40330,-25.53,-4.896,4.505765,0.0224
2004-12-01T00:00:00.000000000,-22.7231,44012,-35.76,-4.058,5.2146144,0.0249
2005-01-01T00:00:00.000000000,-22.34707,44638,-38.61,-0.551,8.446951,0.04
2005-02-01T00:00:00.000000000,-25.20853,40318,-34.05,-11.6,3.8789566,0.0193
2005-03-01T00:00:00.000000000,-22.863413,42916,-34.47,-6.151,5.960903,0.0288
2005-04-01T00:00:00.000000000,-17.028557,43199,-29.14,-1.042,6.297728,0.0303
2005-05-01T00:00:00.000000000,-5.6907964,44635,-19.89,0.293,3.8134377,0.0181
2005-06-01T00:00:00.000000000,-0.0201833,43196,-6.846,15.39,2.5706594,0.0124
2005-07-01T00:00:00.000000000,2.9676044,44625,-1.61,9.61,2.356124,0.0112
2005-08-01T00:00:00.000000000,5.193508,44506,-1.378,17.83,4.497896,0.0213
2005-09-01T00:00:00.000000000,0.92404765,43197,-4.572,6.812,1.9782152,0.0095
2005-10-01T00:00:00.000000000,-5.2733536,44634,-18.11,1.155,3.1245868,0.0148
2005-11-01T00:00:00.000000000,-18.72771,43197,-32.84,-6.925,4.7350507,0.0228
2005-12-01T00:00:00.000000000,-20.054298,44638,-32.67,-11.91,4.267878,0.0202
2006-01-01T00:00:00.000000000,-24.053555,44635,-42.27,-12.96,6.1066856,0.0289
2006-02-01T00:00:00.000000000,-22.455717,39448,-49.46,2.59,11.193006,0.0564
2006-03-01T00:00:00.000000000,-28.26857,44640,-43.05,-19.7,5.579666,0.0264
2006-04-01T00:00:00.000000000,-20.477179,43200,-32.82,-8.93,5.0145473,0.0241
2006-05-01T00:00:00.000000000,-4.5388165,44638,-19.34,2.466,4.925502,0.0233
2006-06-01T00:00:00.000000000,2.0969756,43200,-8.41,16.65,3.9295673,0.0189
2006-07-01T00:00:00.000000000,3.2535193,44639,-2.804,17.35,3.0830412,0.0146
2006-08-01T00:00:00.000000000,2.068678,44640,-2.562,13.75,2.4227219,0.0115
2006-09-01T00:00:00.000000000,2.101363,43198,-3.189,16.17,3.5061293,0.0169
2006-10-01T00:00:00.000000000,-3.0907466,37449,-16.97,3.587,2.9838314,0.0154
2006-11-01T00:00:00.000000000,-13.886253,43052,-24.96,-0.21,5.732355,0.0276
2006-12-01T00:00:00.000000000,-19.217007,44614,-38.85,-1.19,8.154058,0.0386
2007-01-01T00:00:00.000000000,-26.78437,44639,-39.2,-15.79,4.4421506,0.021
2007-02-01T00:00:00.000000000,-23.64518,40319,-37.75,-2.722,7.4841924,0.0373
2007-03-01T00:00:00.000000000,-26.74847,44638,-38.74,-4.562,7.153564,0.0339
2007-04-01T00:00:00.000000000,-13.251221,43199,-26.1,-3.855,4.7651114,0.0229
2007-05-01T00:00:00.000000000,-8.598782,44639,-19.87,0.179,4.345503,0.0206
2007-06-01T00:00:00.000000000,1.0261506,43191,-4.654,9.98,1.8615623,0.009
2007-07-01T00:00:00.000000000,5.440467,44639,-0.191,24.0,2.8583536,0.0135
2007-08-01T00:00:00.000000000,6.9557858,44637,1.146,17.61,2.671585,0.0126
2007-09-01T00:00:00.000000000,3.1782384,43169,-1.756,13.95,2.6771526,0.0129
2007-10-01T00:00:00.000000000,-4.5323477,44639,-11.26,5.587,2.04025,0.0097
2007-11-01T00:00:00.000000000,-10.13778,43198,-25.62,-3.769,3.9373035,0.0189
2007-12-01T00:00:00.000000000,-17.876282,44602,-41.15,-5.164,7.8801055,0.0373
2008-01-01T00:00:00.000000000,-27.682287,44504,-43.84,0.066,8.296878,0.0393
2008-02-01T00:00:00.000000000,-25.768505,41759,-39.65,-6.695,6.787087,0.0332
2008-03-01T00:00:00.000000000,-27.73376,44639,-37.84,-11.97,4.043374,0.0191
2008-04-01T00:00:00.000000000,-13.238735,43198,-33.31,-0.102,6.705051,0.0323
2008-05-01T00:00:00.000000000,-5.920837,44640,-18.11,3.355,4.803132,0.0227
2008-06-01T00:00:00.000000000,1.4122742,40373,-3.872,16.76,2.8170447,0.014
2008-07-01T00:00:00.000000000,3.4724314,42460,-1.276,14.29,2.2268004,0.0108
2008-08-01T00:00:00.000000000,2.7580168,40320,-2.126,11.13,1.6633799,0.0083
2008-09-01T00:00:00.000000000,0.71548307,31324,-5.331,3.559,1.5052259,0.0085
2008-10-01T00:00:00.000000000,-4.99811,44640,-22.28,-0.236,3.3037927,0.0156
2008-11-01T00:00:00.000000000,-15.857154,43200,-31.18,-5.951,5.4147215,0.0261
2008-12-01T00:00:00.000000000,-17.397312,44612,-31.18,-0.644,6.7913084,0.0322
2009-01-01T00:00:00.000000000,-25.370844,44603,-36.77,-2.305,5.737802,0.0272
2009-02-01T00:00:00.000000000,-27.48329,40320,-45.67,-3.372,8.735055,0.0435
2009-03-01T00:00:00.000000000,-26.989702,44597,-37.01,-10.06,4.6639714,0.0221
2009-04-01T00:00:00.000000000,-16.634632,43188,-33.28,3.704,8.527596,0.041
2009-05-01T00:00:00.000000000,-4.282275,44640,-14.11,3.562,4.2423754,0.0201
2009-06-01T00:00:00.000000000,0.3608047,39006,-6.479,9.74,1.5927353,0.0081
2009-07-01T00:00:00.000000000,4.778094,44514,0.204,22.57,3.4574807,0.0164
2009-08-01T00:00:00.000000000,4.7392874,44550,-0.622,17.16,3.3099945,0.0157
2009-09-01T00:00:00.000000000,1.1997207,43200,-6.476,11.29,2.9213727,0.0141
2009-10-01T00:00:00.000000000,-3.851766,44601,-19.6,3.325,3.5840983,0.017
2009-11-01T00:00:00.000000000,-17.14412,43200,-33.68,-5.325,4.245359,0.0204
2009-12-01T00:00:00.000000000,-19.773993,44640,-35.84,-1.643,6.919091,0.0327
2010-01-01T00:00:00.000000000,-27.499683,44596,-41.82,-13.54,7.038427,0.0333
2010-02-01T00:00:00.000000000,-23.562885,40320,-41.95,-14.08,6.480633,0.0323
2010-03-01T00:00:00.000000000,-23.911388,44640,-42.08,-11.24,5.869849,0.0278
2010-04-01T00:00:00.000000000,-13.58366,43200,-31.85,-3.284,5.2049704,0.025
2010-05-01T00:00:00.000000000,-7.3505936,44640,-23.68,0.228,5.2126484,0.0247
2010-06-01T00:00:00.000000000,-0.019228855,43200,-3.617,6.962,1.3602266,0.0065
2010-07-01T00:00:00.000000000,4.7465453,44640,-1.591,15.87,3.7552688,0.0178
2010-08-01T00:00:00.000000000,5.4703026,44640,0.624,19.51,3.198894,0.0151
2010-09-01T00:00:00.000000000,3.0232956,43194,-4.128,12.91,3.2881794,0.0158
2010-10-01T00:00:00.000000000,-4.7101626,44325,-11.95,0.134,2.2273426,0.0106
2010-11-01T00:00:00.000000000,-11.490407,43128,-30.12,0.569,5.405796,0.026
2010-12-01T00:00:00.000000000,-23.10163,44640,-34.91,-6.719,5.207857,0.0246
2011-01-01T00:00:00.000000000,-23.69248,43296,-42.62,0.313,9.196878,0.0442
2011-02-01T00:00:00.000000000,-21.087296,40320,-34.09,-1.52,6.370823,0.0317
2011-03-01T00:00:00.000000000,-21.405424,44640,-33.11,-7.92,5.2885537,0.025
2011-04-01T00:00:00.000000000,-18.916424,40966,-32.23,-3.972,5.9365473,0.0293
2011-05-01T00:00:00.000000000,-5.8315477,43896,-21.51,2.438,5.334466,0.0255
2011-06-01T00:00:00.000000000,0.34137264,43199,-4.114,9.0,2.1767788,0.0105
2011-07-01T00:00:00.000000000,4.3555875,44510,-0.637,17.59,2.878202,0.0136
2011-08-01T00:00:00.000000000,5.2430367,44640,1.113,14.8,2.174363,0.0103
2011-09-01T00:00:00.000000000,2.6949594,43200,-3.518,10.74,2.6802745,0.0129
2011-10-01T00:00:00.000000000,-4.1812596,43263,-14.4,0.455,2.998015,0.0144
2011-11-01T00:00:00.000000000,-17.741262,43200,-30.67,-2.214,7.2885118,0.0351
2011-12-01T00:00:00.000000000,-23.181095,44427,-33.66,-14.3,3.971412,0.0188
2012-01-01T00:00:00.000000000,-29.149832,44520,-42.12,-13.79,6.0193543,0.0285
2012-02-01T00:00:00.000000000,-24.812725,41760,-42.9,-11.35,8.007342,0.0392
2012-03-01T00:00:00.000000000,-30.991795,44640,-38.29,-16.28,4.0645957,0.0192
2012-04-01T00:00:00.000000000,-15.430353,43200,-33.37,-7.37,5.8839736,0.0283
2012-05-01T00:00:00.000000000,-6.298866,43136,-24.26,1.999,6.0653577,0.0292
2012-06-01T00:00:00.000000000,1.8503331,43200,-3.095,18.39,2.608349,0.0125
2012-07-01T00:00:00.000000000,5.3827806,44609,-2.269,19.23,3.9712741,0.0188
2012-08-01T00:00:00.000000000,7.0368247,44617,-1.571,18.0,4.216236,0.02
2012-09-01T00:00:00.000000000,1.4826789,42906,-3.132,6.946,1.6406083,0.0079
2012-10-01T00:00:00.000000000,-2.1778276,44640,-19.07,4.529,3.1715105,0.015
2012-11-01T00:00:00.000000000,-14.228935,43200,-26.65,-1.979,5.684283,0.0273
2012-12-01T00:00:00.000000000,-23.270964,44640,-35.75,-11.76,5.532045,0.0262
2013-01-01T00:00:00.000000000,-23.22375,44640,-30.88,-12.43,3.6615658,0.0173
2013-02-01T00:00:00.000000000,-28.270672,40290,-38.12,-21.33,3.1247566,0.0156
2013-03-01T00:00:00.000000000,-22.055214,44640,-36.85,-12.17,4.447244,0.021
2013-04-01T00:00:00.000000000,-18.189928,43200,-31.77,-2.84,6.167244,0.0297
2013-05-01T00:00:00.000000000,-6.079522,44640,-18.78,2.933,5.7001553,0.027
2013-06-01T00:00:00.000000000,1.9249891,43176,-6.621,17.74,3.7962615,0.0183
2013-07-01T00:00:00.000000000,4.743132,44536,-1.592,17.3,3.331393,0.0158
2013-08-01T00:00:00.000000000,3.1244133,44633,-2.443,16.31,2.9191804,0.0138
2013-09-01T00:00:00.000000000,-1.0448678,43200,-13.95,6.314,2.9249268,0.0141
2013-10-01T00:00:00.000000000,-3.4377885,44593,-16.17,1.174,2.68732,0.0127
2013-11-01T00:00:00.000000000,-13.88065,43200,-28.57,1.499,5.9969826,0.0289
2013-12-01T00:00:00.000000000,-19.104998,44640,-37.26,-1.527,8.311942,0.0393
2014-01-01T00:00:00.000000000,-21.948582,44617,-40.89,-6.83,6.1924925,0.0293
2014-02-01T00:00:00.000000000,-22.471615,40272,-39.71,-3.633,8.301747,0.0414
2014-03-01T00:00:00.000000000,-20.621153,44640,-35.37,-4.929,5.419277,0.0256
2014-04-01T00:00:00.000000000,-16.13063,43200,-35.72,-1.19,7.9087296,0.0381
2014-05-01T00:00:00.000000000,-3.4839451,44640,-12.47,2.658,3.2193632,0.0152
2014-06-01T00:00:00.000000000,-0.15781096,43200,-5.962,6.067,1.6402913,0.0079
2014-07-01T00:00:00.000000000,2.0600564,44594,-1.778,15.35,2.3079083,0.0109
2014-08-01T00:00:00.000000000,2.8123868,44640,-2.829,15.23,2.7438385,0.013
2014-09-01T00:00:00.000000000,0.9346848,40259,-7.077,10.23,1.7333105,0.0086
2014-10-01T00:00:00.000000000,-5.801766,41598,-16.6,1.258,3.052564,0.015
2014-11-01T00:00:00.000000000,-12.186552,43200,-24.78,0.2,5.7930565,0.0279
2014-12-01T00:00:00.000000000,-21.83734,44580,-32.7,-2.72,4.555669,0.0216
2015-01-01T00:00:00.000000000,-23.490816,44580,-35.8,-7.6,5.114237,0.0242
2015-02-01T00:00:00.000000000,-21.775885,40260,-36.3,-1.005,8.796109,0.0438
2015-03-01T00:00:00.000000000,-23.78829,44580,-38.82,-9.67,5.8726335,0.0278
2015-04-01T00:00:00.000000000,-13.443941,43140,-28.38,-0.8,6.187218,0.0298
2015-05-01T00:00:00.000000000,-1.6826723,44640,-16.15,10.44,4.571615,0.0216
2015-06-01T00:00:00.000000000,4.1713543,43200,-4.0,20.4,4.7863007,0.023
2015-07-01T00:00:00.000000000,4.4876637,43200,-0.4,14.78,3.227182,0.0155
2015-08-01T00:00:00.000000000,3.5720031,44640,-2.803,11.2,2.4004629,0.0114
2015-09-01T00:00:00.000000000,-0.25901154,43200,-5.902,6.6,2.194639,0.0106
2015-10-01T00:00:00.000000000,-5.618773,44613,-17.41,-0.012,3.7885966,0.0179
2015-11-01T00:00:00.000000000,-15.598035,43200,-30.7,-3.28,6.714847,0.0323
2015-12-01T00:00:00.000000000,-23.469137,44640,-36.21,-11.1,4.0145125,0.019
2016-01-01T00:00:00.000000000,-18.04837,44640,-31.7,-2.385,4.7948875,0.0227
2016-02-01T00:00:00.000000000,-19.953876,41760,-28.4,-10.0,3.9964027,0.0196
2016-03-01T00:00:00.000000000,-22.244986,44640,-34.17,-15.21,3.6141493,0.0171
2016-04-01T00:00:00.000000000,-12.541898,43200,-32.2,-2.215,6.4700217,0.0311
2016-05-01T00:00:00.000000000,-2.7589316,44640,-11.1,5.935,3.2954247,0.0156
2016-06-01T00:00:00.000000000,1.3364431,43200,-4.432,18.34,3.0464468,0.0147
2016-07-01T00:00:00.000000000,4.463567,44640,-1.93,19.31,3.705204,0.0175
2016-08-01T00:00:00.000000000,3.0192664,44640,-2.0,15.95,2.8324525,0.0134
2016-09-01T00:00:00.000000000,0.22553495,43013,-4.012,6.924,1.7427349,0.0084
2016-10-01T00:00:00.000000000,-1.7374369,44619,-10.57,6.365,2.4174223,0.0114
2016-11-01T00:00:00.000000000,-10.465509,43200,-28.64,-1.211,5.6078563,0.027
2016-12-01T00:00:00.000000000,-18.583221,44634,-30.99,-4.442,5.900729,0.0279
2017-01-01T00:00:00.000000000,-19.029251,44640,-39.23,1.293,10.388664,0.0492
2017-02-01T00:00:00.000000000,-21.636198,40319,-35.26,-4.115,6.4961944,0.0324
2017-03-01T00:00:00.000000000,-22.693188,44640,-37.41,-3.838,6.7603903,0.032
2017-04-01T00:00:00.000000000,-15.072492,43200,-30.91,-6.845,4.6383586,0.0223
2017-05-01T00:00:00.000000000,-4.654798,44640,-16.67,1.914,3.5994172,0.017
2017-06-01T00:00:00.000000000,0.17034043,43200,-5.728,11.85,3.4357228,0.0165
2017-07-01T00:00:00.000000000,6.665849,44640,-0.639,20.77,3.848334,0.0182
2017-08-01T00:00:00.000000000,4.5539393,44640,-1.034,21.18,3.0921438,0.0146
2017-09-01T00:00:00.000000000,1.9730966,42037,-2.386,10.2,1.4404603,0.007
2017-10-01T00:00:00.000000000,-3.7506273,44640,-21.0,3.716,4.846292,0.0229
2017-11-01T00:00:00.000000000,-8.359251,43200,-21.2,1.852,5.680208,0.0273
2017-12-01T00:00:00.000000000,-15.002582,44640,-23.29,0.038,4.748422,0.0225
2018-01-01T00:00:00.000000000,-20.798563,44640,-34.6,-6.304,5.5777254,0.0264
2018-02-01T00:00:00.000000000,-16.173565,40320,-37.5,-0.403,7.419722,0.037
2018-03-01T00:00:00.000000000,-18.563446,44640,-37.06,-1.437,6.100662,0.0289
2018-04-01T00:00:00.000000000,-14.866198,43200,-24.21,-0.286,4.2925234,0.0207
2018-05-01T00:00:00.000000000,-6.636247,44640,-21.41,0.879,3.7174184,0.0176
2018-06-01T00:00:00.000000000,-0.53883624,43200,-6.838,11.63,2.2409656,0.0108
2018-07-01T00:00:00.000000000,5.0764213,44640,-2.13,19.78,4.308086,0.0204
2018-08-01T00:00:00.000000000,2.0605075,44640,-1.544,9.67,2.1896865,0.0104
2018-09-01T00:00:00.000000000,1.5556084,43200,-3.935,9.89,2.6574142,0.0128
2018-10-01T00:00:00.000000000,-3.2504175,44640,-26.2,5.369,5.0428114,0.0239
2018-11-01T00:00:00.000000000,-13.002645,43200,-28.19,-0.235,6.551273,0.0315
2018-12-01T00:00:00.000000000,-21.609964,44640,-35.01,-4.618,5.8485093,0.0277
2019-01-01T00:00:00.000000000,-23.319538,44605,-36.63,-1.033,6.363577,0.0301
2019-02-01T00:00:00.000000000,-16.22712,40320,-38.81,0.453,8.958339,0.0446
2019-03-01T00:00:00.000000000,-14.734639,44640,-31.3,0.401,7.653945,0.0362
2019-04-01T00:00:00.000000000,-14.756277,43200,-27.73,5.348,5.5736337,0.0268
2019-05-01T00:00:00.000000000,-2.9887173,44640,-10.72,1.178,2.8616781,0.0135
2019-06-01T00:00:00.000000000,1.1498528,43200,-3.845,14.67,2.937843,0.0141
2019-07-01T00:00:00.000000000,8.076596,44621,1.705,19.77,2.6371198,0.0125
2019-08-01T00:00:00.000000000,5.492956,44640,2.2,11.7,1.5051223,0.0071
2019-09-01T00:00:00.000000000,4.664913,43200,-2.7,15.59,3.2845314,0.0158
2019-10-01T00:00:00.000000000,-1.3215957,44640,-17.51,5.763,3.5973644,0.017
2019-11-01T00:00:00.000000000,-8.599607,43200,-22.39,1.197,5.3296995,0.0256
2019-12-01T00:00:00.000000000,-18.339808,44640,-35.08,-4.81,7.0091004,0.0332
2020-01-01T00:00:00.000000000,-25.557137,44612,-37.8,-6.112,6.921008,0.0328
2020-02-01T00:00:00.000000000,-32.958202,41760,-42.48,-18.27,6.1311283,0.03
2020-03-01T00:00:00.000000000,-21.479298,44640,-41.33,-0.647,10.555152,0.05
2020-04-01T00:00:00.000000000,-13.452151,43200,-30.1,-2.1,6.2000017,0.0298
2020-05-01T00:00:00.000000000,-5.9157043,44640,-21.86,0.98,4.850623,0.023
2020-06-01T00:00:00.000000000,0.92651385,43200,-2.957,16.81,2.5239213,0.0121
2020-07-01T00:00:00.000000000,2.080351,44640,-1.898,11.18,2.1449907,0.0102
2020-08-01T00:00:00.000000000,4.398484,44640,-1.4,14.92,2.402365,0.0114
2020-09-01T00:00:00.000000000,1.7362062,35941,-2.612,9.3,1.8283238,0.0096
2020-10-01T00:00:00.000000000,-3.4728851,44624,-18.8,1.85,3.5741196,0.0169
2020-11-01T00:00:00.000000000,-9.432865,42840,-19.93,0.74,4.488078,0.0217
2020-12-01T00:00:00.000000000,-20.845531,44613,-34.5,-7.727,5.1448503,0.0244
2021-01-01T00:00:00.000000000,-21.845726,44580,-32.1,-13.1,4.0834584,0.0193
2021-02-01T00:00:00.000000000,-29.882084,40320,-44.3,-19.1,5.5570383,0.0277
2021-03-01T00:00:00.000000000,-24.067757,44640,-36.9,-3.107,5.20603,0.0246
2021-04-01T00:00:00.000000000,-16.319256,43200,-35.1,0.228,9.074997,0.0437
2021-05-01T00:00:00.000000000,-5.8302608,44640,-17.0,0.993,4.0739217,0.0193
2021-06-01T00:00:00.000000000,0.99694514,43200,-3.8,14.65,2.978905,0.0143
2021-07-01T00:00:00.000000000,4.178789,34199,-2.505,14.0,3.6872299,0.0199
2021-08-01T00:00:00.000000000,2.9319286,44640,-5.1,13.0,2.7923954,0.0132
2021-09-01T00:00:00.000000000,0.651359,43200,-12.01,12.5,2.8698018,0.0138
2021-10-01T00:00:00.000000000,-4.623137,44640,-22.4,1.3,3.9981208,0.0189
2021-11-01T00:00:00.000000000,-7.768759,11472,-20.9,-2.5,4.129228,0.0386
2021-12-01T00:00:00.000000000,-23.46809,34773,-37.2,-0.282,6.4395366,0.0345
2022-01-01T00:00:00.000000000,-25.045366,44606,-37.5,-8.0,5.4377093,0.0257
2022-02-01T00:00:00.000000000,-28.521605,40262,-40.33,-3.51,8.46911,0.0422
2022-03-01T00:00:00.000000000,-21.730513,44624,-37.5,-6.1,5.960376,0.0282
2022-04-01T00:00:00.000000000,-17.758015,43200,-32.48,-4.698,5.5345693,0.0266
2022-05-01T00:00:00.000000000,-5.169677,44640,-11.94,2.303,3.3640268,0.0159
2022-06-01T00:00:00.000000000,1.770064,43200,-5.715,19.49,5.1808724,0.0249
2022-07-01T00:00:00.000000000,2.8562794,44618,-1.22,13.75,2.148506,0.0102
2022-08-01T00:00:00.000000000,3.723096,44475,-1.295,17.58,2.9009097,0.0138
2022-09-01T00:00:00.000000000,1.6181751,43142,-2.795,8.44,1.8800223,0.0091
2022-10-01T00:00:00.000000000,-3.7867136,41942,-20.5,4.962,3.487112,0.017
2022-11-01T00:00:00.000000000,-9.753968,43136,-30.5,1.867,6.4024973,0.0308
2022-12-01T00:00:00.000000000,-15.070787,44568,-29.9,5.207,6.825118,0.0323
2023-01-01T00:00:00.000000000,-21.39197,44640,-31.78,-12.9,3.744286,0.0177
2023-02-01T00:00:00.000000000,-24.712408,40320,-39.89,-2.045,5.552609,0.0277
2023-03-01T00:00:00.000000000,-20.398905,44640,-38.53,-1.038,8.798914,0.0416
2023-04-01T00:00:00.000000000,-19.657751,43200,-34.2,-7.8,5.381157,0.0259
2023-05-01T00:00:00.000000000,-4.1443987,44640,-13.2,3.8,3.6821783,0.0174
2023-06-01T00:00:00.000000000,0.7403404,43200,-8.9,13.9,3.3148212,0.0159
2023-07-01T00:00:00.000000000,6.978812,44640,-0.033,22.11,4.074816,0.0193
2023-08-01T00:00:00.000000000,6.262782,44378,0.653,23.09,3.6956055,0.0175
2023-09-01T00:00:00.000000000,2.6628857,43200,-1.333,8.99,1.716003,0.0083
2023-10-01T00:00:00.000000000,-3.0115871,44640,-18.8,1.8,3.1752813,0.015
2023-11-01T00:00:00.000000000,-9.586712,43200,-22.98,-1.8,3.9336276,0.0189
2023-12-01T00:00:00.000000000,-16.76246,44640,-30.44,-6.7,5.0741715,0.024
2024-01-01T00:00:00.000000000,-20.35673,43689,-37.62,-2.9,7.337978,0.0351
2024-02-01T00:00:00.000000000,-22.344076,41161,-35.0,-0.887,5.1626744,0.0254
2024-03-01T00:00:00.000000000,-23.50999,44640,-38.7,-1.435,8.940683,0.0423
2024-04-01T00:00:00.000000000,-15.3052025,43200,-35.3,1.4,6.327363,0.0304
2024-05-01T00:00:00.000000000,-5.696771,43199,-18.06,3.617,4.394658,0.0211
2024-06-01T00:00:00.000000000,1.0286225,42323,-5.1,19.35,3.1366346,0.0152
2024-07-01T00:00:00.000000000,3.3859098,44640,-1.7,17.54,3.1431184,0.0149
2024-08-01T00:00:00.000000000,5.323147,44547,-1.1,22.1,3.8910317,0.0184
2024-09-01T00:00:00.000000000,2.889496,43200,-3.122,11.53,2.3840442,0.0115
2024-10-01T00:00:00.000000000,-2.5716326,44637,-12.59,3.805,2.5115995,0.0119
2024-11-01T00:00:00.000000000,-11.63543,42971,-25.7,0.56,5.337691,0.0257
2024-12-01T00:00:00.000000000,-21.093609,44450,-37.3,-7.613,5.4379954,0.0258
