2006-04-01T00:00:00.000000000,19.86462,6991
2006-05-01T00:00:00.000000000,48.911682,68193
2006-06-01T00:00:00.000000000,43.610794,78506
2006-07-01T00:00:00.000000000,55.532406,72840
2006-08-01T00:00:00.000000000,70.03194,57335
2006-09-01T00:00:00.000000000,65.76829,39547
2006-10-01T00:00:00.000000000,48.744003,19167
2006-11-01T00:00:00.000000000,nan,0
2007-03-01T00:00:00.000000000,9.448216,22620
2007-04-01T00:00:00.000000000,43.25076,48335
2007-05-01T00:00:00.000000000,42.36571,68063
2007-06-01T00:00:00.000000000,33.13577,79295
2007-07-01T00:00:00.000000000,44.408928,71280
2007-08-01T00:00:00.000000000,66.053116,57492
2007-09-01T00:00:00.000000000,70.04359,39589
2007-10-01T00:00:00.000000000,61.52457,4259
2008-02-01T00:00:00.000000000,3.4116125,8752
2008-03-01T00:00:00.000000000,1.2132564,34257
2008-04-01T00:00:00.000000000,23.516,50208
2008-05-01T00:00:00.000000000,19.334333,67847
2008-06-01T00:00:00.000000000,33.55517,79486
2008-07-01T00:00:00.000000000,50.742355,73927
2008-08-01T00:00:00.000000000,54.935215,57366
2008-09-01T00:00:00.000000000,50.720303,39306
2008-10-01T00:00:00.000000000,19.307062,18562
2009-02-01T00:00:00.000000000,4.5382423,1418
2009-03-01T00:00:00.000000000,2.7416766,33985
2009-04-01T00:00:00.000000000,7.8175645,50029
2009-05-01T00:00:00.000000000,13.343746,68343
2009-06-01T00:00:00.000000000,39.96251,79448
2009-07-01T00:00:00.000000000,43.063496,73898
2009-08-01T00:00:00.000000000,52.243847,54012
2009-09-01T00:00:00.000000000,44.75733,39441
2009-10-01T00:00:00.000000000,28.1997,18695
2010-02-01T00:00:00.000000000,1.2620304,8387
2010-03-01T00:00:00.000000000,2.4684207,33951
2010-04-01T00:00:00.000000000,6.851016,49971
2010-05-01T00:00:00.000000000,11.763589,68211
2010-06-01T00:00:00.000000000,24.701937,76905
2010-07-01T00:00:00.000000000,46.05654,73656
2010-08-01T00:00:00.000000000,60.043846,57622
2010-09-01T00:00:00.000000000,54.72974,35624
2010-10-01T00:00:00.000000000,21.627537,18408
2010-11-01T00:00:00.000000000,nan,0
2011-03-01T00:00:00.000000000,37.04469,29252
2011-04-01T00:00:00.000000000,38.096745,46184
2011-05-01T00:00:00.000000000,64.67309,70450
2011-06-01T00:00:00.000000000,65.42754,85283
2011-07-01T00:00:00.000000000,79.24354,81146
2011-08-01T00:00:00.000000000,89.45234,61199
2011-09-01T00:00:00.000000000,77.81522,42754
2011-10-01T00:00:00.000000000,48.07346,24843
2011-11-01T00:00:00.000000000,12.866643,964
2012-02-01T00:00:00.000000000,11.606807,10764
2012-03-01T00:00:00.000000000,10.147946,37449
2012-04-01T00:00:00.000000000,54.761234,53431
2012-05-01T00:00:00.000000000,64.07227,71454
2012-06-01T00:00:00.000000000,55.61568,85300
2012-07-01T00:00:00.000000000,56.908398,81417
2012-08-01T00:00:00.000000000,80.8608,61100
2012-09-01T00:00:00.000000000,78.19845,41662
2012-10-01T00:00:00.000000000,56.341766,24260
2012-11-01T00:00:00.000000000,8.106369,688
2013-03-01T00:00:00.000000000,42.075043,33631
2013-04-01T00:00:00.000000000,34.775597,53368
2013-05-01T00:00:00.000000000,70.69538,74792
2013-06-01T00:00:00.000000000,58.57081,84338
2013-07-01T00:00:00.000000000,69.24462,81223
2013-08-01T00:00:00.000000000,83.302376,59869
2013-09-01T00:00:00.000000000,79.40687,42478
2013-10-01T00:00:00.000000000,56.094837,21516
2013-11-01T00:00:00.000000000,25.226103,365
2014-02-01T00:00:00.000000000,17.258972,10413
2014-03-01T00:00:00.000000000,28.547928,37220
2014-04-01T00:00:00.000000000,47.523876,53120
2014-05-01T00:00:00.000000000,72.173485,74426
2014-06-01T00:00:00.000000000,73.93539,85134
2014-07-01T00:00:00.000000000,74.880775,81905
2014-08-01T00:00:00.000000000,73.82323,61387
2014-09-01T00:00:00.000000000,69.61075,42110
2014-10-01T00:00:00.000000000,37.58204,24284
2014-11-01T00:00:00.000000000,6.9205513,887
2015-03-01T00:00:00.000000000,28.989193,18003
2015-04-01T00:00:00.000000000,42.46513,26791
2015-05-01T00:00:00.000000000,61.950016,74012
2015-06-01T00:00:00.000000000,53.620052,85212
2015-07-01T00:00:00.000000000,68.00071,82097
2015-08-01T00:00:00.000000000,79.4679,61528
2015-09-01T00:00:00.000000000,75.83892,42746
2015-10-01T00:00:00.000000000,47.629837,24818
2015-11-01T00:00:00.000000000,4.321129,957
2016-03-01T00:00:00.000000000,16.52281,18117
2016-04-01T00:00:00.000000000,25.383152,38073
2016-05-01T00:00:00.000000000,37.994938,75016
2016-06-01T00:00:00.000000000,35.078403,85284
2016-07-01T00:00:00.000000000,35.360394,78468
2016-08-01T00:00:00.000000000,49.472416,59963
2016-09-01T00:00:00.000000000,43.835613,42253
2016-10-01T00:00:00.000000000,32.92567,24063
2016-11-01T00:00:00.000000000,15.782013,682
2017-02-01T00:00:00.000000000,13.967912,7952
2017-03-01T00:00:00.000000000,14.509036,37474
2017-04-01T00:00:00.000000000,13.570609,53380
2017-05-01T00:00:00.000000000,26.671347,74810
2017-06-01T00:00:00.000000000,27.772104,84766
2017-07-01T00:00:00.000000000,43.302383,77927
2017-08-01T00:00:00.000000000,54.9522,61206
2017-09-01T00:00:00.000000000,46.88658,42458
2017-10-01T00:00:00.000000000,32.307896,24427
2017-11-01T00:00:00.000000000,10.809562,786
2018-03-01T00:00:00.000000000,100.0,2
2018-04-01T00:00:00.000000000,24.450306,45723
2018-05-01T00:00:00.000000000,58.909004,74685
2018-06-01T00:00:00.000000000,52.474026,86371
2018-07-01T00:00:00.000000000,67.8649,82584
2018-08-01T00:00:00.000000000,84.01156,61368
2018-09-01T00:00:00.000000000,71.19738,42593
2018-10-01T00:00:00.000000000,40.955772,24622
2018-11-01T00:00:00.000000000,10.980341,876
2019-03-01T00:00:00.000000000,39.19222,27281
2019-04-01T00:00:00.000000000,30.723272,53094
2019-05-01T00:00:00.000000000,67.84365,74386
2019-06-01T00:00:00.000000000,58.21402,85443
2019-07-01T00:00:00.000000000,72.65808,82327
2019-08-01T00:00:00.000000000,87.00119,61507
2019-09-01T00:00:00.000000000,70.40464,42727
2019-10-01T00:00:00.000000000,50.836987,24741
2019-11-01T00:00:00.000000000,17.802,949
2020-02-01T00:00:00.000000000,24.47778,3546
2020-03-01T00:00:00.000000000,32.271374,27875
2020-04-01T00:00:00.000000000,52.157578,53536
2020-05-01T00:00:00.000000000,49.11472,74980
2020-06-01T00:00:00.000000000,50.451897,85471
2020-07-01T00:00:00.000000000,67.83257,81881
2020-08-01T00:00:00.000000000,82.45428,61060
2020-09-01T00:00:00.000000000,80.73204,42309
2020-10-01T00:00:00.000000000,59.622463,24209
2020-11-01T00:00:00.000000000,16.605818,676
2021-03-01T00:00:00.000000000,22.957907,27549
2021-04-01T00:00:00.000000000,41.3903,38197
2021-05-01T00:00:00.000000000,73.43093,74917
2021-06-01T00:00:00.000000000,63.600636,86387
2021-07-01T00:00:00.000000000,72.84513,82415
2021-08-01T00:00:00.000000000,81.09011,59277
2021-09-01T00:00:00.000000000,76.36464,42265
2021-10-01T00:00:00.000000000,56.155495,24407
2021-11-01T00:00:00.000000000,14.541931,772
2022-03-01T00:00:00.000000000,19.432678,35997
2022-04-01T00:00:00.000000000,37.34079,53267
2022-05-01T00:00:00.000000000,78.01181,74693
2022-06-01T00:00:00.000000000,69.8906,86375
2022-07-01T00:00:00.000000000,65.87535,41763
2022-08-01T00:00:00.000000000,82.76811,57923
2022-09-01T00:00:00.000000000,76.69648,40398
2022-10-01T00:00:00.000000000,43.27232,24595
2022-11-01T00:00:00.000000000,8.35978,866
2023-03-01T00:00:00.000000000,28.627943,21683
2023-04-01T00:00:00.000000000,41.417435,53133
2023-05-01T00:00:00.000000000,74.05525,74514
2023-06-01T00:00:00.000000000,64.83748,86393
2023-07-01T00:00:00.000000000,66.352486,82755
2023-08-01T00:00:00.000000000,82.25819,61426
2023-09-01T00:00:00.000000000,80.00901,42714
2023-10-01T00:00:00.000000000,54.75229,24792
2023-11-01T00:00:00.000000000,21.08248,940
