1993-07-01T00:00:00.000000000,0.0,5592,0.0,0.0,0.0,0.0
1993-08-01T00:00:00.000000000,0.0,2886,0.0,0.0,0.0,0.0
1993-09-01T00:00:00.000000000,66.548,41947,0.0,1.778,0.02695389,0.0001
1993-10-01T00:00:00.000000000,5.08,44640,0.0,0.254,0.0053751348,0.0
1993-11-01T00:00:00.000000000,48.260002,43200,0.0,1.524,0.021278007,0.0001
1993-12-01T00:00:00.000000000,37.592003,44640,0.0,0.508,0.014699609,0.0001
1994-01-01T00:00:00.000000000,5.588,44640,0.0,1.016,0.007008771,0.0
1994-02-01T00:00:00.000000000,20.574001,40320,0.0,0.254,0.011373112,0.0001
1994-03-01T00:00:00.000000000,24.384,44640,0.0,0.508,0.011888492,0.0001
1994-04-01T00:00:00.000000000,187.198,43085,0.0,1.524,0.04018456,0.0002
1994-05-01T00:00:00.000000000,49.53,44557,0.0,1.27,0.020846946,0.0001
1994-06-01T00:00:00.000000000,28.956001,43200,0.0,1.524,0.018681873,0.0001
1994-07-01T00:00:00.000000000,158.496,44616,0.0,2.794,0.056393355,0.0003
1994-08-01T00:00:00.000000000,51.562,34991,0.0,1.27,0.029929142,0.0002
1994-09-01T00:00:00.000000000,9.144,30911,0.0,2.032,0.015286389,0.0001
1994-10-01T00:00:00.000000000,69.85,44640,0.0,1.27,0.022977352,0.0001
1994-11-01T00:00:00.000000000,94.48801,43200,0.0,1.016,0.025946705,0.0001
1994-12-01T00:00:00.000000000,16.002,44640,0.0,0.508,0.009685702,0.0
1995-01-01T00:00:00.000000000,10.922,44640,0.0,0.254,0.007879463,0.0
1995-02-01T00:00:00.000000000,6.096,40320,0.0,0.254,0.0061951214,0.0
1995-03-01T00:00:00.000000000,98.80601,44640,0.0,1.27,0.026817378,0.0001
1995-04-01T00:00:00.000000000,75.692,43200,0.0,1.27,0.022860795,0.0001
1995-05-01T00:00:00.000000000,115.062,44640,0.0,1.27,0.030136358,0.0001
1995-06-01T00:00:00.000000000,171.45,43200,0.0,1.524,0.040576253,0.0002
1995-07-01T00:00:00.000000000,6.8580003,43958,0.0,0.762,0.0075640553,0.0
1995-08-01T00:00:00.000000000,151.13,44640,0.0,2.286,0.043662183,0.0002
1995-09-01T00:00:00.000000000,58.928,43200,0.0,2.032,0.023845922,0.0001
1995-10-01T00:00:00.000000000,13.7160015,44640,0.0,0.254,0.008828881,0.0
1995-11-01T00:00:00.000000000,2.794,43200,0.0,0.254,0.0040525924,0.0
1995-12-01T00:00:00.000000000,30.480001,44640,0.0,0.254,0.013151575,0.0001
1996-01-01T00:00:00.000000000,1.778,44636,0.0,0.762,0.004334555,0.0
1996-02-01T00:00:00.000000000,2.286,41760,0.0,0.762,0.0048136115,0.0
1996-03-01T00:00:00.000000000,30.225998,44639,0.0,1.27,0.0155210765,0.0001
1996-04-01T00:00:00.000000000,39.370003,43200,0.0,1.778,0.02825159,0.0001
1996-05-01T00:00:00.000000000,28.194,44640,0.0,1.016,0.015335483,0.0001
1996-06-01T00:00:00.000000000,80.26401,43200,0.0,1.778,0.031813167,0.0002
1996-07-01T00:00:00.000000000,136.65201,44640,0.0,1.016,0.033000298,0.0002
1996-08-01T00:00:00.000000000,95.757996,44640,0.0,3.048,0.04069388,0.0002
1996-09-01T00:00:00.000000000,121.412,43200,0.0,2.032,0.039195713,0.0002
1996-10-01T00:00:00.000000000,69.85,44640,0.0,1.778,0.029917426,0.0001
1996-11-01T00:00:00.000000000,73.66,43200,0.0,1.016,0.024073405,0.0001
1996-12-01T00:00:00.000000000,7.874,44640,0.0,0.254,0.0066911634,0.0
1997-01-01T00:00:00.000000000,4.572,44640,0.0,0.254,0.005099415,0.0
1997-02-01T00:00:00.000000000,107.187996,40320,0.0,0.508,0.026217852,0.0001
1997-03-01T00:00:00.000000000,19.557999,44640,0.0,1.778,0.017947117,0.0001
1997-04-01T00:00:00.000000000,121.15799,43200,0.0,1.524,0.030520475,0.0001
1997-05-01T00:00:00.000000000,90.678,43969,0.0,1.778,0.03556638,0.0002
1997-06-01T00:00:00.000000000,201.168,41760,0.0,2.032,0.059906807,0.0003
1997-07-01T00:00:00.000000000,136.14401,44640,0.0,1.524,0.04468453,0.0002
1997-08-01T00:00:00.000000000,148.59,44640,0.0,1.778,0.039128035,0.0002
1997-09-01T00:00:00.000000000,136.398,43200,0.0,1.27,0.03396189,0.0002
1997-10-01T00:00:00.000000000,70.357994,44640,0.0,1.524,0.02384093,0.0001
1997-11-01T00:00:00.000000000,12.192001,43200,0.0,0.254,0.008461962,0.0
1997-12-01T00:00:00.000000000,81.534004,44640,0.0,0.254,0.02146135,0.0001
1998-01-01T00:00:00.000000000,46.736,44640,0.0,0.762,0.01696921,0.0001
1998-02-01T00:00:00.000000000,4.3180003,40320,0.0,0.254,0.005214424,0.0
1998-03-01T00:00:00.000000000,128.016,44640,0.0,0.508,0.026943712,0.0001
1998-04-01T00:00:00.000000000,101.092,43200,0.0,1.016,0.027929666,0.0001
1998-05-01T00:00:00.000000000,70.612,44640,0.0,3.556,0.03070329,0.0001
1998-06-01T00:00:00.000000000,48.006004,43200,0.0,2.286,0.029180668,0.0001
1998-07-01T00:00:00.000000000,148.082,44640,0.0,1.524,0.044939663,0.0002
1998-08-01T00:00:00.000000000,22.098001,40876,0.0,0.762,0.014147659,0.0001
1998-09-01T00:00:00.000000000,33.782,43200,0.0,1.27,0.017221505,0.0001
1998-10-01T00:00:00.000000000,281.432,44640,0.0,1.778,0.06221819,0.0003
1998-11-01T00:00:00.000000000,117.34801,43200,0.0,2.032,0.036438223,0.0002
1998-12-01T00:00:00.000000000,44.958,44640,0.0,1.016,0.017762197,0.0001
1999-01-01T00:00:00.000000000,98.044,44640,0.0,0.762,0.024480421,0.0001
1999-02-01T00:00:00.000000000,42.418,40320,0.0,1.524,0.022497216,0.0001
1999-03-01T00:00:00.000000000,101.854,44640,0.0,0.762,0.024383869,0.0001
1999-04-01T00:00:00.000000000,48.259995,19982,0.0,1.524,0.038630124,0.0003
1999-05-01T00:00:00.000000000,114.808,39267,0.0,2.032,0.045369107,0.0002
1999-06-01T00:00:00.000000000,175.768,43148,0.0,2.54,0.049230218,0.0002
1999-07-01T00:00:00.000000000,75.184006,44461,0.0,1.778,0.035856523,0.0002
1999-08-01T00:00:00.000000000,17.780003,38548,0.0,1.016,0.013436587,0.0001
1999-09-01T00:00:00.000000000,108.966,43198,0.0,1.524,0.033260953,0.0002
1999-10-01T00:00:00.000000000,58.674,44640,0.0,1.524,0.022355635,0.0001
1999-11-01T00:00:00.000000000,17.78,43200,0.0,0.762,0.012213648,0.0001
1999-12-01T00:00:00.000000000,105.91801,44586,0.0,1.778,0.028997457,0.0001
2000-01-01T00:00:00.000000000,8.382,44640,0.0,0.508,0.0071097487,0.0
2000-02-01T00:00:00.000000000,11.684,41760,0.0,0.508,0.00860686,0.0
2000-03-01T00:00:00.000000000,88.646,44640,0.0,1.016,0.02464544,0.0001
2000-04-01T00:00:00.000000000,41.402,43200,0.0,1.27,0.020242866,0.0001
2000-05-01T00:00:00.000000000,151.892,44640,0.0,2.286,0.05615623,0.0003
2000-06-01T00:00:00.000000000,94.48801,43200,0.0,1.016,0.026232913,0.0001
2000-07-01T00:00:00.000000000,165.354,44640,0.0,3.302,0.057472862,0.0003
2000-08-01T00:00:00.000000000,2.032,44640,0.0,0.254,0.003399991,0.0
2000-09-01T00:00:00.000000000,0.762,43200,0.0,0.254,0.0021165935,0.0
2000-10-01T00:00:00.000000000,124.20601,44622,0.0,1.524,0.03247984,0.0002
2000-11-01T00:00:00.000000000,47.751995,43200,0.0,1.016,0.020050015,0.0001
2000-12-01T00:00:00.000000000,33.274002,44640,0.0,0.254,0.013739442,0.0001
2001-01-01T00:00:00.000000000,35.814003,44640,0.0,0.254,0.014252605,0.0001
2001-02-01T00:00:00.000000000,87.63,40320,0.0,1.016,0.026535269,0.0001
2001-03-01T00:00:00.000000000,12.192,44640,0.0,0.254,0.0083245095,0.0
2001-04-01T00:00:00.000000000,19.558,43200,0.0,1.524,0.017745646,0.0001
2001-05-01T00:00:00.000000000,101.092,30203,0.0,3.048,0.047195423,0.0003
2001-06-01T00:00:00.000000000,33.02,38222,0.0,1.27,0.022561207,0.0001
2001-07-01T00:00:00.000000000,23.622002,39210,0.0,2.032,0.025030643,0.0001
2001-08-01T00:00:00.000000000,31.75,33067,0.0,2.54,0.03485103,0.0002
2001-09-01T00:00:00.000000000,47.752,43200,0.0,2.286,0.02816524,0.0001
2001-10-01T00:00:00.000000000,6.858,44640,0.0,1.27,0.009691115,0.0
2001-11-01T00:00:00.000000000,105.91799,43200,0.0,1.524,0.036640856,0.0002
2001-12-01T00:00:00.000000000,1.524,44640,0.0,0.254,0.0029445444,0.0
2002-01-01T00:00:00.000000000,25.654,42847,0.0,0.254,0.012317476,0.0001
2002-02-01T00:00:00.000000000,6.8580003,25012,0.0,0.762,0.009765383,0.0001
2002-03-01T00:00:00.000000000,14.732001,40380,0.0,0.508,0.009784182,0.0
2002-04-01T00:00:00.000000000,54.101997,43200,0.0,1.524,0.022531973,0.0001
2002-05-01T00:00:00.000000000,139.95401,43916,0.0,1.778,0.046440642,0.0002
2002-06-01T00:00:00.000000000,138.43001,43200,0.0,2.286,0.049461275,0.0002
2002-07-01T00:00:00.000000000,150.87599,44640,0.0,1.27,0.04223243,0.0002
2002-08-01T00:00:00.000000000,127.254005,44624,0.0,2.032,0.0394669,0.0002
2002-09-01T00:00:00.000000000,184.15,43200,0.0,2.54,0.0650203,0.0003
2002-10-01T00:00:00.000000000,119.888,44640,0.0,5.334,0.039048087,0.0002
2002-11-01T00:00:00.000000000,3.556,41198,0.0,0.508,0.0050048498,0.0
2002-12-01T00:00:00.000000000,38.354,42638,0.0,0.254,0.015088756,0.0001
2003-01-01T00:00:00.000000000,2.032,44640,0.0,0.254,0.0033999905,0.0
2003-02-01T00:00:00.000000000,17.526001,40320,0.0,0.254,0.010498472,0.0001
2003-03-01T00:00:00.000000000,65.532005,44640,0.0,0.508,0.019329,0.0001
2003-04-01T00:00:00.000000000,71.882,43200,0.0,2.286,0.029154373,0.0001
2003-05-01T00:00:00.000000000,92.96399,44640,0.0,3.556,0.05299171,0.0003
2003-06-01T00:00:00.000000000,84.327995,43200,0.0,1.524,0.034249224,0.0002
2003-07-01T00:00:00.000000000,4.318,44640,0.0,0.762,0.006473246,0.0
2003-08-01T00:00:00.000000000,75.692,44640,0.0,1.27,0.02698929,0.0001
2003-09-01T00:00:00.000000000,58.420006,43200,0.0,0.508,0.018724844,0.0001
2003-10-01T00:00:00.000000000,57.404,44640,0.0,1.27,0.020990312,0.0001
2003-11-01T00:00:00.000000000,6.35,43200,0.0,0.254,0.0061085224,0.0
2003-12-01T00:00:00.000000000,41.656,44640,0.0,0.254,0.015367186,0.0001
2004-01-01T00:00:00.000000000,65.024,44640,0.0,0.762,0.020207165,0.0001
2004-02-01T00:00:00.000000000,36.068,41760,0.0,0.762,0.015299752,0.0001
2004-03-01T00:00:00.000000000,151.892,44640,0.0,1.524,0.041644756,0.0002
2004-04-01T00:00:00.000000000,85.59801,43200,0.0,1.778,0.032433413,0.0002
2004-05-01T00:00:00.000000000,36.576,44640,0.0,1.27,0.019589933,0.0001
2004-06-01T00:00:00.000000000,187.706,43200,0.0,1.524,0.044237126,0.0002
2004-07-01T00:00:00.000000000,86.614006,43920,0.0,2.54,0.038904108,0.0002
2004-08-01T00:00:00.000000000,100.32999,44640,0.0,2.286,0.03754796,0.0002
2004-09-01T00:00:00.000000000,16.51,41655,0.0,0.762,0.011467014,0.0001
2004-10-01T00:00:00.000000000,95.25,44640,0.0,1.016,0.024574334,0.0001
2004-11-01T00:00:00.000000000,105.15599,43200,0.0,1.778,0.029784955,0.0001
2004-12-01T00:00:00.000000000,11.176001,44640,0.0,0.254,0.007970468,0.0
2005-01-01T00:00:00.000000000,62.738007,44640,0.0,0.508,0.019740513,0.0001
2005-02-01T00:00:00.000000000,33.781998,40283,0.0,0.254,0.014570704,0.0001
2005-03-01T00:00:00.000000000,20.066,44640,0.0,1.016,0.013540489,0.0001
2005-04-01T00:00:00.000000000,11.684,43200,0.0,0.508,0.008462345,0.0
2005-05-01T00:00:00.000000000,22.352001,44640,0.0,0.508,0.01139394,0.0001
2005-06-01T00:00:00.000000000,80.009995,41268,0.0,1.27,0.031298295,0.0002
2005-07-01T00:00:00.000000000,77.724,42708,0.0,1.524,0.032092977,0.0002
2005-08-01T00:00:00.000000000,97.02801,42708,0.0,1.524,0.031541653,0.0002
2005-09-01T00:00:00.000000000,23.876,43200,0.0,1.778,0.021229913,0.0001
2005-10-01T00:00:00.000000000,116.586,44640,0.0,3.302,0.045719124,0.0002
2005-11-01T00:00:00.000000000,6.35,43200,0.0,4.572,0.023601402,0.0001
2005-12-01T00:00:00.000000000,6.604,44640,0.0,0.254,0.0061281845,0.0
2006-01-01T00:00:00.000000000,9.906,40725,0.0,0.254,0.00785647,0.0
2006-02-01T00:00:00.000000000,0.254,36459,0.0,0.254,0.0013302258,0.0
2006-03-01T00:00:00.000000000,65.785995,44570,0.0,2.032,0.026455037,0.0001
2006-04-01T00:00:00.000000000,127.254,43200,0.0,2.286,0.03827969,0.0002
2006-05-01T00:00:00.000000000,76.200005,42711,0.0,3.302,0.033924293,0.0002
2006-06-01T00:00:00.000000000,75.946,43200,0.0,2.032,0.035396054,0.0002
2006-07-01T00:00:00.000000000,51.815998,40776,0.0,2.794,0.03833844,0.0002
2006-08-01T00:00:00.000000000,26.416,40780,0.0,0.762,0.014215583,0.0001
2006-09-01T00:00:00.000000000,30.48,43200,0.0,0.762,0.016830126,0.0001
2006-10-01T00:00:00.000000000,19.812002,44640,0.0,0.254,0.0106081385,0.0001
2006-11-01T00:00:00.000000000,20.066002,43200,0.0,0.254,0.010851954,0.0001
2006-12-01T00:00:00.000000000,44.45,44640,0.0,0.762,0.016409462,0.0001
2007-01-01T00:00:00.000000000,18.034,44640,0.0,0.254,0.0101217395,0.0
2007-02-01T00:00:00.000000000,14.732,40320,0.0,0.762,0.01072724,0.0001
2007-03-01T00:00:00.000000000,199.898,44640,0.0,2.032,0.044025704,0.0002
2007-04-01T00:00:00.000000000,75.69199,43200,0.0,0.508,0.021235147,0.0001
2007-05-01T00:00:00.000000000,136.90599,42708,0.0,1.27,0.0311468,0.0002
2007-06-01T00:00:00.000000000,320.29398,43200,0.0,1.27,0.054243296,0.0003
2007-07-01T00:00:00.000000000,122.42799,44640,0.0,2.032,0.046355072,0.0002
2007-08-01T00:00:00.000000000,52.578003,44640,0.0,1.524,0.027625177,0.0001
2007-09-01T00:00:00.000000000,50.800003,43200,0.0,1.524,0.019896446,0.0001
2007-10-01T00:00:00.000000000,150.622,44640,0.0,2.54,0.047560435,0.0002
2007-11-01T00:00:00.000000000,0.254,43200,0.0,0.254,0.001222044,0.0
2007-12-01T00:00:00.000000000,47.498,42711,0.0,2.54,0.035411987,0.0002
2008-01-01T00:00:00.000000000,19.812,44640,0.0,0.762,0.012251903,0.0001
2008-02-01T00:00:00.000000000,63.246,41760,0.0,1.27,0.023501782,0.0001
2008-03-01T00:00:00.000000000,81.534004,44147,0.0,1.016,0.026337657,0.0001
2008-04-01T00:00:00.000000000,74.675995,39529,0.0,0.508,0.021972764,0.0001
2008-05-01T00:00:00.000000000,112.776,44640,0.0,1.016,0.030450778,0.0001
2008-06-01T00:00:00.000000000,187.95999,43200,0.0,1.778,0.052695,0.0003
2008-07-01T00:00:00.000000000,69.341995,44640,0.0,1.27,0.0296755,0.0001
2008-08-01T00:00:00.000000000,21.844002,44640,0.0,1.016,0.013803394,0.0001
2008-09-01T00:00:00.000000000,93.218,43200,0.0,1.016,0.028077625,0.0001
2008-10-01T00:00:00.000000000,109.728,44587,0.0,2.286,0.03028382,0.0001
2008-11-01T00:00:00.000000000,21.335999,43200,0.0,0.508,0.011963486,0.0001
2008-12-01T00:00:00.000000000,8.382,44640,0.0,0.508,0.0071097496,0.0
2009-01-01T00:00:00.000000000,0.254,44640,0.0,0.254,0.0012021724,0.0
2009-02-01T00:00:00.000000000,0.0,40320,0.0,0.0,0.0,0.0
2009-03-01T00:00:00.000000000,42.164,44640,0.0,3.302,0.034370378,0.0002
2009-04-01T00:00:00.000000000,128.77802,43200,0.0,3.556,0.050075307,0.0002
2009-05-01T00:00:00.000000000,54.102,44640,0.0,1.016,0.023372661,0.0001
2009-06-01T00:00:00.000000000,50.038002,43200,0.0,1.27,0.027274126,0.0001
2009-07-01T00:00:00.000000000,71.628006,44640,0.0,1.524,0.030560564,0.0001
2009-08-01T00:00:00.000000000,161.29001,44640,0.0,2.54,0.05440429,0.0003
2009-09-01T00:00:00.000000000,38.608,43200,0.0,1.27,0.022845138,0.0001
2009-10-01T00:00:00.000000000,127.254,44640,0.0,1.778,0.03777576,0.0002
2009-11-01T00:00:00.000000000,17.78,43200,0.0,0.508,0.0114565315,0.0001
2009-12-01T00:00:00.000000000,7.1120005,44640,0.0,0.762,0.007008078,0.0
2010-01-01T00:00:00.000000000,4.8260007,44640,0.0,0.254,0.0052390913,0.0
2010-02-01T00:00:00.000000000,49.275993,40320,0.0,0.254,0.017576283,0.0001
2010-03-01T00:00:00.000000000,40.386,44640,0.0,0.762,0.015694568,0.0001
2010-04-01T00:00:00.000000000,74.16799,43200,0.0,2.032,0.024745585,0.0001
2010-05-01T00:00:00.000000000,192.79001,44640,0.0,7.37,0.07462281,0.0004
2010-06-01T00:00:00.000000000,118.871994,43200,0.0,1.524,0.040363636,0.0002
2010-07-01T00:00:00.000000000,88.138,44640,0.0,1.524,0.030085953,0.0001
2010-08-01T00:00:00.000000000,55.88,44640,0.0,1.524,0.02552815,0.0001
2010-09-01T00:00:00.000000000,22.86,42900,0.0,0.762,0.012373792,0.0001
2010-10-01T00:00:00.000000000,22.86,44640,0.0,0.762,0.01224924,0.0001
2010-11-01T00:00:00.000000000,33.528,43200,0.0,0.762,0.014334938,0.0001
2010-12-01T00:00:00.000000000,3.556,44576,0.0,0.254,0.0045006895,0.0
2011-01-01T00:00:00.000000000,6.0959997,44640,0.0,0.508,0.006128448,0.0
2011-02-01T00:00:00.000000000,12.446,40283,0.0,0.254,0.008853328,0.0
2011-03-01T00:00:00.000000000,29.717999,44640,0.0,0.508,0.013207278,0.0001
2011-04-01T00:00:00.000000000,45.720005,43200,0.0,0.762,0.018583724,0.0001
2011-05-01T00:00:00.000000000,61.214005,44640,0.0,3.302,0.032916605,0.0002
2011-06-01T00:00:00.000000000,64.516,41397,0.0,2.032,0.03313384,0.0002
2011-07-01T00:00:00.000000000,16.764,44640,0.0,0.508,0.010879777,0.0001
2011-08-01T00:00:00.000000000,98.552,44640,0.0,3.302,0.047400706,0.0002
2011-09-01T00:00:00.000000000,103.632,43200,0.0,1.524,0.03499755,0.0002
2011-10-01T00:00:00.000000000,65.532005,44640,0.0,1.27,0.02070096,0.0001
2011-11-01T00:00:00.000000000,113.03,43200,0.0,1.778,0.03431386,0.0002
2011-12-01T00:00:00.000000000,77.47,44640,0.0,0.762,0.022838878,0.0001
2012-01-01T00:00:00.000000000,13.97,44640,0.0,0.254,0.008910155,0.0
2012-02-01T00:00:00.000000000,72.897995,41760,0.0,1.27,0.027147211,0.0001
2012-03-01T00:00:00.000000000,69.85,44640,0.0,0.762,0.020447975,0.0001
2012-04-01T00:00:00.000000000,208.78801,43200,0.0,2.032,0.06660339,0.0003
2012-05-01T00:00:00.000000000,49.53,44640,0.0,2.794,0.03167362,0.0001
2012-06-01T00:00:00.000000000,27.432003,43200,0.0,0.508,0.013371907,0.0001
2012-07-01T00:00:00.000000000,3.5560002,44640,0.0,0.508,0.0048080836,0.0
2012-08-01T00:00:00.000000000,49.783997,44640,0.0,1.27,0.020371268,0.0001
2012-09-01T00:00:00.000000000,9.144001,32052,0.0,0.508,0.008741115,0.0
2012-10-01T00:00:00.000000000,2.794,44640,0.0,0.254,0.0039867084,0.0
2012-11-01T00:00:00.000000000,19.557999,43200,0.0,1.27,0.013545716,0.0001
2012-12-01T00:00:00.000000000,5.334,44640,0.0,0.254,0.0055078114,0.0
2013-01-01T00:00:00.000000000,19.557999,44640,0.0,0.508,0.0110749435,0.0001
2013-02-01T00:00:00.000000000,60.96,40198,0.0,0.254,0.019567564,0.0001
2013-03-01T00:00:00.000000000,19.05,44640,0.0,2.286,0.018027738,0.0001
2013-04-01T00:00:00.000000000,74.676,43200,0.0,0.508,0.020953901,0.0001
2013-05-01T00:00:00.000000000,97.282,44640,0.0,1.778,0.032296404,0.0002
2013-06-01T00:00:00.000000000,78.740005,43200,0.0,1.524,0.03143744,0.0002
2013-07-01T00:00:00.000000000,131.82599,44640,0.0,1.524,0.038898952,0.0002
2013-08-01T00:00:00.000000000,53.34,44640,0.0,1.016,0.02180608,0.0001
2013-09-01T00:00:00.000000000,68.58,43200,0.0,1.27,0.024572562,0.0001
2013-10-01T00:00:00.000000000,56.134003,44640,0.0,1.778,0.027464248,0.0001
2013-11-01T00:00:00.000000000,58.928,43200,0.0,1.524,0.028470388,0.0001
2013-12-01T00:00:00.000000000,14.478001,44640,0.0,0.762,0.009686905,0.0
2014-01-01T00:00:00.000000000,4.064,44640,0.0,0.762,0.005638017,0.0
2014-02-01T00:00:00.000000000,8.636001,40320,0.0,1.524,0.010117336,0.0001
2014-03-01T00:00:00.000000000,18.288,44496,0.0,0.762,0.010626639,0.0001
2014-04-01T00:00:00.000000000,12.700001,43200,0.0,0.508,0.009140319,0.0
2014-05-01T00:00:00.000000000,61.214,44640,0.0,1.778,0.029243007,0.0001
2014-06-01T00:00:00.000000000,224.28198,43172,0.0,2.54,0.059849594,0.0003
2014-07-01T00:00:00.000000000,106.68001,44522,0.0,1.016,0.028436638,0.0001
2014-08-01T00:00:00.000000000,53.086,44640,0.0,1.778,0.028853001,0.0001
2014-09-01T00:00:00.000000000,34.544,43140,0.0,1.016,0.016926175,0.0001
2014-10-01T00:00:00.000000000,63.5,44640,0.0,3.048,0.027005065,0.0001
2014-11-01T00:00:00.000000000,31.750002,43200,0.0,0.508,0.01386044,0.0001
2014-12-01T00:00:00.000000000,18.034,44640,0.0,0.508,0.010263533,0.0
2015-01-01T00:00:00.000000000,16.002,44640,0.0,0.762,0.00997967,0.0
2015-02-01T00:00:00.000000000,6.6040006,39979,0.0,0.254,0.00647535,0.0
2015-03-01T00:00:00.000000000,12.445999,44640,0.0,0.254,0.008410683,0.0
2015-04-01T00:00:00.000000000,115.57,43200,0.0,1.778,0.03356119,0.0002
2015-05-01T00:00:00.000000000,245.872,44640,0.0,2.032,0.049084075,0.0002
2015-06-01T00:00:00.000000000,29.718002,43200,0.0,0.762,0.01596567,0.0001
2015-07-01T00:00:00.000000000,78.23201,42120,0.0,1.524,0.037040975,0.0002
2015-08-01T00:00:00.000000000,44.449997,44640,0.0,1.27,0.018867578,0.0001
2015-09-01T00:00:00.000000000,52.323997,43200,0.0,1.778,0.026522256,0.0001
2015-10-01T00:00:00.000000000,37.084,44640,0.0,1.016,0.017484367,0.0001
2015-11-01T00:00:00.000000000,68.07201,42711,0.0,1.778,0.02280573,0.0001
2015-12-01T00:00:00.000000000,50.8,34382,0.0,0.508,0.019412862,0.0001
2016-01-01T00:00:00.000000000,4.064,44640,0.0,0.254,0.004807882,0.0
2016-02-01T00:00:00.000000000,22.859999,41760,0.0,1.524,0.0154148815,0.0001
2016-03-01T00:00:00.000000000,40.894,44640,0.0,0.762,0.016676156,0.0001
2016-04-01T00:00:00.000000000,112.01399,43200,0.0,1.778,0.03225164,0.0002
2016-05-01T00:00:00.000000000,87.883995,44640,0.0,1.27,0.02883538,0.0001
2016-06-01T00:00:00.000000000,31.242,43200,0.0,1.27,0.019729704,0.0001
2016-07-01T00:00:00.000000000,101.6,44640,0.0,3.048,0.039037105,0.0002
2016-08-01T00:00:00.000000000,99.82201,44640,0.0,2.032,0.04093686,0.0002
2016-09-01T00:00:00.000000000,69.596,43200,0.0,1.27,0.025873661,0.0001
2016-10-01T00:00:00.000000000,153.16199,44516,0.0,2.794,0.059525106,0.0003
2016-11-01T00:00:00.000000000,4.572,43200,0.0,0.254,0.0051836735,0.0
2016-12-01T00:00:00.000000000,7.6200004,44640,0.0,0.254,0.0065824306,0.0
2017-01-01T00:00:00.000000000,46.482,44640,0.0,0.762,0.016926924,0.0001
2017-02-01T00:00:00.000000000,65.786,40277,0.0,2.54,0.0351045,0.0002
2017-03-01T00:00:00.000000000,32.004,42091,0.0,0.508,0.014095479,0.0001
2017-04-01T00:00:00.000000000,105.41,43200,0.0,0.762,0.026690524,0.0001
2017-05-01T00:00:00.000000000,75.946,44566,0.0,2.032,0.031946596,0.0002
2017-06-01T00:00:00.000000000,48.260002,43200,0.0,1.778,0.026917595,0.0001
2017-07-01T00:00:00.000000000,92.964005,44640,0.0,1.524,0.034863375,0.0002
2017-08-01T00:00:00.000000000,153.67,44640,0.0,2.54,0.051635258,0.0002
2017-09-01T00:00:00.000000000,23.368,31131,0.0,0.762,0.015352217,0.0001
2017-10-01T00:00:00.000000000,145.288,41231,0.0,2.032,0.044649594,0.0002
2017-11-01T00:00:00.000000000,6.6040006,43199,0.0,0.508,0.0064647906,0.0
2017-12-01T00:00:00.000000000,2.54,44640,0.0,0.254,0.0038012192,0.0
2018-01-01T00:00:00.000000000,7.62,44211,0.0,0.762,0.008011141,0.0
2018-02-01T00:00:00.000000000,9.906,33120,0.0,0.762,0.009357786,0.0001
2018-03-01T00:00:00.000000000,35.814,44640,0.0,0.508,0.015973909,0.0001
2018-04-01T00:00:00.000000000,59.436,42060,0.0,0.254,0.018892767,0.0001
2018-05-01T00:00:00.000000000,58.166004,44640,0.0,1.778,0.025269514,0.0001
2018-06-01T00:00:00.000000000,149.86,42783,0.0,2.794,0.05355349,0.0003
2018-07-01T00:00:00.000000000,68.58,44640,0.0,1.524,0.02825436,0.0001
2018-08-01T00:00:00.000000000,53.34,44640,0.0,1.016,0.0200809,0.0001
2018-09-01T00:00:00.000000000,63.246002,43200,0.0,1.27,0.024972027,0.0001
2018-10-01T00:00:00.000000000,146.81201,44557,0.0,1.524,0.038061403,0.0002
2018-11-01T00:00:00.000000000,5.08,43200,0.0,0.254,0.0054639447,0.0
2018-12-01T00:00:00.000000000,55.371998,44640,0.0,0.762,0.018504895,0.0001
2019-01-01T00:00:00.000000000,37.846,44640,0.0,0.254,0.014650038,0.0001
2019-02-01T00:00:00.000000000,10.4140005,40320,0.0,0.254,0.008095515,0.0
2019-03-01T00:00:00.000000000,54.609997,41760,0.0,0.762,0.02011479,0.0001
2019-04-01T00:00:00.000000000,63.5,33401,0.0,1.27,0.02922324,0.0002
2019-05-01T00:00:00.000000000,364.23602,44640,0.0,2.032,0.06770703,0.0003
2019-06-01T00:00:00.000000000,91.44,29739,0.0,1.778,0.040808436,0.0002
2019-07-01T00:00:00.000000000,45.212,44604,0.0,2.286,0.033702474,0.0002
2019-08-01T00:00:00.000000000,141.224,44640,0.0,1.27,0.03652499,0.0002
2019-09-01T00:00:00.000000000,73.914,43200,0.0,1.778,0.031797938,0.0002
2019-10-01T00:00:00.000000000,46.736,44640,0.0,0.508,0.016362168,0.0001
2019-11-01T00:00:00.000000000,16.002,42044,0.0,0.508,0.010430905,0.0001
2019-12-01T00:00:00.000000000,46.99,44640,0.0,1.27,0.022239896,0.0001
2020-01-01T00:00:00.000000000,32.004,44633,0.0,0.254,0.013476499,0.0001
2020-02-01T00:00:00.000000000,28.194002,41760,0.0,1.016,0.01399105,0.0001
2020-03-01T00:00:00.000000000,82.55,44640,0.0,1.27,0.024831291,0.0001
2020-04-01T00:00:00.000000000,56.134003,43200,0.0,3.048,0.036125604,0.0002
2020-05-01T00:00:00.000000000,74.676,44639,0.0,1.016,0.024931183,0.0001
2020-06-01T00:00:00.000000000,45.974,43199,0.0,1.016,0.019790087,0.0001
2020-07-01T00:00:00.000000000,158.242,44638,0.0,1.27,0.039294247,0.0002
2020-08-01T00:00:00.000000000,24.383999,44639,0.0,0.508,0.012009577,0.0001
2020-09-01T00:00:00.000000000,41.656006,43198,0.0,0.762,0.017428227,0.0001
2020-10-01T00:00:00.000000000,0.254,38851,0.0,0.254,0.0012886265,0.0
2020-11-01T00:00:00.000000000,34.29,43197,0.0,1.27,0.0168711,0.0001
2020-12-01T00:00:00.000000000,43.18,44620,0.0,0.254,0.015648205,0.0001
2021-01-01T00:00:00.000000000,74.676,44635,0.0,0.762,0.021373868,0.0001
2021-02-01T00:00:00.000000000,3.81,35996,0.0,0.254,0.005183961,0.0
2021-03-01T00:00:00.000000000,130.048,44397,0.0,2.032,0.042484883,0.0002
2021-04-01T00:00:00.000000000,38.1,43197,0.0,1.524,0.019533707,0.0001
2021-05-01T00:00:00.000000000,157.48001,44638,0.0,2.54,0.05584002,0.0003
2021-06-01T00:00:00.000000000,120.65,43198,0.0,2.286,0.036820654,0.0002
2021-07-01T00:00:00.000000000,31.241999,44640,0.0,1.27,0.019334689,0.0001
2021-08-01T00:00:00.000000000,41.148003,44640,0.0,1.016,0.02080206,0.0001
2021-09-01T00:00:00.000000000,13.969999,43200,0.0,0.762,0.011128782,0.0001
2021-10-01T00:00:00.000000000,83.565994,40320,0.0,1.524,0.034603167,0.0002
2021-11-01T00:00:00.000000000,16.256,43200,0.0,0.254,0.00976922,0.0
2021-12-01T00:00:00.000000000,0.254,44640,0.0,0.254,0.0012021723,0.0
2022-01-01T00:00:00.000000000,1.27,41471,0.0,0.254,0.002788819,0.0
2022-02-01T00:00:00.000000000,17.018,35204,0.0,0.254,0.011070353,0.0001
2022-03-01T00:00:00.000000000,93.472,44640,0.0,1.016,0.026365073,0.0001
2022-04-01T00:00:00.000000000,6.3500004,43200,0.0,0.508,0.006348299,0.0
2022-05-01T00:00:00.000000000,159.258,44640,0.0,2.286,0.042028278,0.0002
2022-06-01T00:00:00.000000000,109.474,43200,0.0,2.032,0.043904044,0.0002
2022-07-01T00:00:00.000000000,140.20801,44580,0.0,1.27,0.038555272,0.0002
2022-08-01T00:00:00.000000000,35.814,44640,0.0,1.524,0.022827437,0.0001
2022-09-01T00:00:00.000000000,31.495998,43200,0.0,0.508,0.014544241,0.0001
2022-10-01T00:00:00.000000000,42.926,43200,0.0,1.27,0.02075121,0.0001
2022-11-01T00:00:00.000000000,39.878,40320,0.0,1.016,0.01843483,0.0001
2022-12-01T00:00:00.000000000,32.258,44640,0.0,1.016,0.014557806,0.0001
2023-01-01T00:00:00.000000000,27.686,44640,0.0,0.254,0.012535857,0.0001
2023-02-01T00:00:00.000000000,30.988003,40320,0.0,1.27,0.01941733,0.0001
2023-03-01T00:00:00.000000000,5.08,44640,0.0,0.254,0.0053751348,0.0
2023-04-01T00:00:00.000000000,96.520004,43200,0.0,2.54,0.039686937,0.0002
2023-05-01T00:00:00.000000000,89.662,44640,0.0,1.778,0.030465595,0.0001
2023-06-01T00:00:00.000000000,109.22,43200,0.0,2.286,0.039442763,0.0002
2023-07-01T00:00:00.000000000,89.662,44640,0.0,1.27,0.028907724,0.0001
2023-08-01T00:00:00.000000000,65.532,44640,0.0,1.27,0.029459909,0.0001
2023-09-01T00:00:00.000000000,32.766,43200,0.0,0.762,0.014797242,0.0001
2023-10-01T00:00:00.000000000,70.612,44640,0.0,1.016,0.023381473,0.0001
2023-11-01T00:00:00.000000000,28.193998,38880,0.0,1.016,0.015601295,0.0001
2023-12-01T00:00:00.000000000,68.326,44640,0.0,1.778,0.026431117,0.0001
2024-01-01T00:00:00.000000000,34.036,44640,0.0,0.254,0.0138954045,0.0001
2024-02-01T00:00:00.000000000,22.098001,41760,0.0,0.508,0.011974884,0.0001
2024-03-01T00:00:00.000000000,15.4939995,44640,0.0,0.254,0.009382955,0.0
2024-04-01T00:00:00.000000000,120.65001,43200,0.0,2.794,0.057003174,0.0003
2024-05-01T00:00:00.000000000,181.61002,44640,0.0,2.286,0.04846983,0.0002
2024-06-01T00:00:00.000000000,52.578003,43200,0.0,1.27,0.022666069,0.0001
2024-07-01T00:00:00.000000000,49.276,44640,0.0,0.762,0.019941684,0.0001
2024-08-01T00:00:00.000000000,55.372,44640,0.0,1.27,0.02630935,0.0001
2024-09-01T00:00:00.000000000,20.32,43200,0.0,1.27,0.013925664,0.0001
2024-10-01T00:00:00.000000000,43.434002,44640,0.0,2.032,0.030230734,0.0001
2024-11-01T00:00:00.000000000,139.19202,43200,0.0,1.016,0.0320787,0.0002
2024-12-01T00:00:00.000000000,14.224001,44640,0.0,1.016,0.010195907,0.0
