1993-07-01T00:00:00.000000000,61.70316,5584,32.52,89.9,15.009032,0.2009
1993-08-01T00:00:00.000000000,53.433445,2886,24.24,83.6,15.02453,0.2797
1993-09-01T00:00:00.000000000,74.9022,41946,22.22,100.9,19.144548,0.0935
1993-10-01T00:00:00.000000000,65.72156,44543,20.19,101.7,21.951748,0.104
1993-11-01T00:00:00.000000000,66.17702,43070,19.39,102.4,22.128578,0.1066
1993-12-01T00:00:00.000000000,74.89361,44640,21.84,102.3,18.616417,0.0881
1994-01-01T00:00:00.000000000,75.2439,44640,23.72,102.7,17.77318,0.0841
1994-02-01T00:00:00.000000000,64.95887,40320,12.13,102.4,21.863995,0.1089
1994-03-01T00:00:00.000000000,65.757805,44639,12.13,102.5,22.729013,0.1076
1994-04-01T00:00:00.000000000,71.58825,43084,19.1,102.1,21.568495,0.1039
1994-05-01T00:00:00.000000000,74.76116,44543,29.64,101.7,19.007,0.0901
1994-06-01T00:00:00.000000000,65.07127,43107,10.76,98.5,21.459984,0.1034
1994-07-01T00:00:00.000000000,68.0049,44613,25.92,100.3,19.559145,0.0926
1994-08-01T00:00:00.000000000,64.208405,34989,22.93,99.8,19.26144,0.103
1994-09-01T00:00:00.000000000,62.257362,30908,16.51,101.1,22.223719,0.1264
1994-10-01T00:00:00.000000000,74.13749,44640,18.94,101.5,21.914528,0.1037
1994-11-01T00:00:00.000000000,80.79197,43133,22.61,102.0,16.424461,0.0791
1994-12-01T00:00:00.000000000,86.3746,44639,34.25,103.4,15.684575,0.0742
1995-01-01T00:00:00.000000000,82.864395,44640,27.5,103.5,15.639503,0.074
1995-02-01T00:00:00.000000000,67.47671,40299,19.7,103.0,20.933277,0.1043
1995-03-01T00:00:00.000000000,77.72184,44600,20.35,103.5,18.762203,0.0888
1995-04-01T00:00:00.000000000,75.257545,43163,-1.09,103.8,20.550621,0.0989
1995-05-01T00:00:00.000000000,78.94103,44338,0.066,104.0,19.052868,0.0905
1995-06-01T00:00:00.000000000,75.093605,42475,-0.013,104.0,23.288965,0.113
1995-07-01T00:00:00.000000000,63.770645,42711,0.453,104.0,20.393248,0.0987
1995-08-01T00:00:00.000000000,67.889984,44608,0.399,101.5,19.235723,0.0911
1995-09-01T00:00:00.000000000,71.986595,43194,0.398,103.2,22.366425,0.1076
1995-10-01T00:00:00.000000000,56.328632,44597,0.332,103.6,23.475813,0.1112
1995-11-01T00:00:00.000000000,59.978333,43200,17.08,101.9,19.275843,0.0927
1995-12-01T00:00:00.000000000,77.734924,42194,13.23,104.0,24.100498,0.1173
1996-01-01T00:00:00.000000000,69.67384,44624,16.72,104.0,21.067425,0.0997
1996-02-01T00:00:00.000000000,56.586857,41624,8.85,104.0,25.129467,0.1232
1996-03-01T00:00:00.000000000,60.382122,44614,13.61,103.4,25.043406,0.1186
1996-04-01T00:00:00.000000000,51.69608,43011,8.58,102.2,21.183525,0.1021
1996-05-01T00:00:00.000000000,71.08945,44458,18.24,103.0,19.428389,0.0921
1996-06-01T00:00:00.000000000,70.18259,43200,23.48,102.7,21.222197,0.1021
1996-07-01T00:00:00.000000000,72.07036,44639,11.04,102.7,21.821878,0.1033
1996-08-01T00:00:00.000000000,82.49919,44640,45.3,102.9,15.736623,0.0745
1996-09-01T00:00:00.000000000,79.191864,43026,27.61,103.1,18.934906,0.0913
1996-10-01T00:00:00.000000000,75.060974,44640,19.95,103.3,19.628946,0.0929
1996-11-01T00:00:00.000000000,82.46977,41405,26.37,104.0,17.786667,0.0874
1996-12-01T00:00:00.000000000,74.01772,42462,29.36,104.0,17.078102,0.0829
1997-01-01T00:00:00.000000000,69.97498,44542,18.83,104.0,19.91698,0.0944
1997-02-01T00:00:00.000000000,65.00563,40312,0.063,99.3,24.971529,0.1244
1997-03-01T00:00:00.000000000,63.33621,44459,-0.066,101.4,20.544508,0.0974
1997-04-01T00:00:00.000000000,49.729263,43013,0.022,99.2,28.394556,0.1369
1997-05-01T00:00:00.000000000,63.386993,43781,10.18,99.3,20.313082,0.0971
1997-06-01T00:00:00.000000000,70.19667,41577,22.62,99.6,19.095346,0.0936
1997-07-01T00:00:00.000000000,70.599686,44494,28.36,99.4,17.650549,0.0837
1997-08-01T00:00:00.000000000,76.24266,44427,33.38,99.8,16.035606,0.0761
1997-09-01T00:00:00.000000000,70.089714,43200,26.97,100.2,18.542746,0.0892
1997-10-01T00:00:00.000000000,77.777115,44503,30.04,100.3,17.485529,0.0829
1997-11-01T00:00:00.000000000,75.16503,43200,27.96,100.6,17.902742,0.0861
1997-12-01T00:00:00.000000000,82.08299,44635,31.75,100.5,14.546816,0.0689
1998-01-01T00:00:00.000000000,84.95625,44640,34.61,100.9,14.267201,0.0675
1998-02-01T00:00:00.000000000,78.333374,40320,17.77,100.8,18.121687,0.0902
1998-03-01T00:00:00.000000000,77.17612,44640,28.92,101.0,18.05126,0.0854
1998-04-01T00:00:00.000000000,69.83955,43200,20.65,100.2,20.53706,0.0988
1998-05-01T00:00:00.000000000,77.199776,44603,23.66,100.6,16.893671,0.08
1998-06-01T00:00:00.000000000,62.006424,43199,17.71,99.9,17.719955,0.0853
1998-07-01T00:00:00.000000000,69.29652,44568,25.07,99.8,20.125849,0.0953
1998-08-01T00:00:00.000000000,60.76614,40875,19.14,99.8,20.577293,0.1018
1998-09-01T00:00:00.000000000,62.66768,43200,14.6,100.3,23.094185,0.1111
1998-10-01T00:00:00.000000000,78.38074,44640,29.65,100.1,16.666014,0.0789
1998-11-01T00:00:00.000000000,80.921135,43200,29.57,100.3,16.29348,0.0784
1998-12-01T00:00:00.000000000,78.69568,44639,34.64,100.7,14.398194,0.0681
1999-01-01T00:00:00.000000000,76.96298,44640,20.87,100.9,17.56795,0.0831
1999-02-01T00:00:00.000000000,71.75806,40320,19.33,101.1,19.72962,0.0983
1999-03-01T00:00:00.000000000,75.29239,44465,24.3,101.1,18.047762,0.0856
1999-04-01T00:00:00.000000000,74.63802,19798,17.74,100.6,19.460625,0.1383
1999-05-01T00:00:00.000000000,77.14178,39266,26.63,100.6,17.63822,0.089
1999-06-01T00:00:00.000000000,81.31902,43147,32.4,100.3,14.8776045,0.0716
1999-07-01T00:00:00.000000000,69.03866,44279,26.08,100.2,17.921917,0.0852
1999-08-01T00:00:00.000000000,61.787155,38547,18.04,100.0,21.51853,0.1096
1999-09-01T00:00:00.000000000,73.83656,43195,19.47,100.3,19.808817,0.0953
1999-10-01T00:00:00.000000000,72.86687,8640,30.16,97.9,18.358328,0.1975
1999-11-01T00:00:00.000000000,nan,0,nan,nan,nan,nan
1999-12-01T00:00:00.000000000,nan,0,nan,nan,nan,nan
2000-01-01T00:00:00.000000000,nan,0,nan,nan,nan,nan
2000-02-01T00:00:00.000000000,nan,0,nan,nan,nan,nan
2000-03-01T00:00:00.000000000,nan,0,nan,nan,nan,nan
2000-04-01T00:00:00.000000000,nan,0,nan,nan,nan,nan
2000-05-01T00:00:00.000000000,nan,0,nan,nan,nan,nan
2000-06-01T00:00:00.000000000,nan,0,nan,nan,nan,nan
2000-07-01T00:00:00.000000000,nan,0,nan,nan,nan,nan
2000-08-01T00:00:00.000000000,nan,0,nan,nan,nan,nan
2000-09-01T00:00:00.000000000,nan,0,nan,nan,nan,nan
2000-10-01T00:00:00.000000000,nan,0,nan,nan,nan,nan
2000-11-01T00:00:00.000000000,nan,0,nan,nan,nan,nan
2000-12-01T00:00:00.000000000,nan,0,nan,nan,nan,nan
2001-01-01T00:00:00.000000000,nan,0,nan,nan,nan,nan
2001-02-01T00:00:00.000000000,nan,0,nan,nan,nan,nan
2001-03-01T00:00:00.000000000,nan,0,nan,nan,nan,nan
2001-04-01T00:00:00.000000000,nan,0,nan,nan,nan,nan
2001-05-01T00:00:00.000000000,nan,0,nan,nan,nan,nan
2001-06-01T00:00:00.000000000,nan,0,nan,nan,nan,nan
2001-07-01T00:00:00.000000000,nan,0,nan,nan,nan,nan
2001-08-01T00:00:00.000000000,nan,0,nan,nan,nan,nan
2001-09-01T00:00:00.000000000,nan,0,nan,nan,nan,nan
2001-10-01T00:00:00.000000000,nan,0,nan,nan,nan,nan
2001-11-01T00:00:00.000000000,nan,0,nan,nan,nan,nan
2001-12-01T00:00:00.000000000,nan,0,nan,nan,nan,nan
2002-01-01T00:00:00.000000000,nan,0,nan,nan,nan,nan
2002-02-01T00:00:00.000000000,nan,0,nan,nan,nan,nan
2002-03-01T00:00:00.000000000,nan,0,nan,nan,nan,nan
2002-04-01T00:00:00.000000000,nan,0,nan,nan,nan,nan
2002-05-01T00:00:00.000000000,nan,0,nan,nan,nan,nan
2002-06-01T00:00:00.000000000,69.28061,23035,31.58,98.9,19.26941,0.127
2002-07-01T00:00:00.000000000,72.24327,44636,28.79,100.0,18.377764,0.087
2002-08-01T00:00:00.000000000,71.085556,44618,33.79,99.9,17.77633,0.0842
2002-09-01T00:00:00.000000000,68.843124,43197,26.74,99.0,18.597624,0.0895
2002-10-01T00:00:00.000000000,79.567894,44633,28.1,99.9,18.058453,0.0855
2002-11-01T00:00:00.000000000,67.71397,41179,27.54,99.9,17.975697,0.0886
2002-12-01T00:00:00.000000000,77.67875,42637,27.02,99.7,17.596376,0.0852
2003-01-01T00:00:00.000000000,69.004,44624,27.93,99.6,17.57828,0.0832
2003-02-01T00:00:00.000000000,75.8398,40317,27.53,100.6,17.512625,0.0872
2003-03-01T00:00:00.000000000,73.02642,44640,22.05,100.3,18.999468,0.0899
2003-04-01T00:00:00.000000000,69.36921,43198,21.83,100.2,19.392456,0.0933
2003-05-01T00:00:00.000000000,75.02464,44631,12.24,100.6,19.40098,0.0918
2003-06-01T00:00:00.000000000,73.48876,43198,26.92,100.3,18.816816,0.0905
2003-07-01T00:00:00.000000000,53.892418,44634,14.98,100.1,20.849472,0.0987
2003-08-01T00:00:00.000000000,55.472977,44620,0.0,99.8,23.28961,0.1103
2003-09-01T00:00:00.000000000,60.364,43180,0.0,100.4,28.943764,0.1393
2003-10-01T00:00:00.000000000,71.75212,44621,25.82,100.3,19.638493,0.093
2003-11-01T00:00:00.000000000,70.9469,43199,15.9,100.4,21.555147,0.1037
2003-12-01T00:00:00.000000000,69.84443,44635,16.28,98.7,19.519888,0.0924
2004-01-01T00:00:00.000000000,73.696465,44629,21.75,100.7,18.263094,0.0865
2004-02-01T00:00:00.000000000,75.64525,41759,27.59,100.2,16.532705,0.0809
2004-03-01T00:00:00.000000000,70.34509,44634,24.3,100.8,21.185999,0.1003
2004-04-01T00:00:00.000000000,73.1459,43175,25.9,100.4,19.239193,0.0926
2004-05-01T00:00:00.000000000,71.98349,44629,8.27,100.7,19.987211,0.0946
2004-06-01T00:00:00.000000000,73.826584,43196,14.86,102.4,18.921696,0.091
2004-07-01T00:00:00.000000000,71.24671,43918,22.63,101.3,18.969347,0.0905
2004-08-01T00:00:00.000000000,68.93091,44638,16.98,101.9,17.85212,0.0845
2004-09-01T00:00:00.000000000,59.115993,41649,23.28,101.7,18.51702,0.0907
2004-10-01T00:00:00.000000000,77.312386,44626,13.38,103.8,21.738783,0.1029
2004-11-01T00:00:00.000000000,86.66642,43110,22.45,104.0,15.6619835,0.0754
2004-12-01T00:00:00.000000000,72.885994,44036,28.37,104.0,18.438696,0.0879
2005-01-01T00:00:00.000000000,85.304596,41256,32.77,104.0,15.578864,0.0767
2005-02-01T00:00:00.000000000,82.94573,39738,27.79,104.0,17.948189,0.09
2005-03-01T00:00:00.000000000,70.553955,44325,18.68,104.0,21.344334,0.1014
2005-04-01T00:00:00.000000000,63.774506,43187,-0.067,98.6,21.144,0.1017
2005-05-01T00:00:00.000000000,68.24309,44638,19.28,98.9,19.494642,0.0923
2005-06-01T00:00:00.000000000,67.05435,41266,23.85,99.3,19.895964,0.0979
2005-07-01T00:00:00.000000000,65.83185,42700,18.87,99.7,20.656301,0.1
2005-08-01T00:00:00.000000000,70.24281,42704,18.14,99.8,20.574322,0.0996
2005-09-01T00:00:00.000000000,67.27188,43197,23.91,98.5,19.343527,0.0931
2005-10-01T00:00:00.000000000,70.44136,44636,28.26,99.2,18.00912,0.0852
2005-11-01T00:00:00.000000000,60.138107,43197,15.82,96.8,18.89647,0.0909
2005-12-01T00:00:00.000000000,64.41969,44640,19.04,99.0,18.624083,0.0881
2006-01-01T00:00:00.000000000,59.5054,40721,14.46,98.2,21.376944,0.1059
2006-02-01T00:00:00.000000000,53.77902,36456,13.11,99.3,21.163502,0.1108
2006-03-01T00:00:00.000000000,59.727425,44570,7.94,99.5,24.985176,0.1183
2006-04-01T00:00:00.000000000,58.902027,43200,9.47,99.0,22.138803,0.1065
2006-05-01T00:00:00.000000000,70.011986,42710,22.47,98.5,19.19384,0.0929
2006-06-01T00:00:00.000000000,63.58017,43200,18.02,100.3,21.750534,0.1046
2006-07-01T00:00:00.000000000,54.65464,40775,17.42,98.3,20.826822,0.1031
2006-08-01T00:00:00.000000000,58.968037,40779,18.49,97.6,20.973684,0.1039
2006-09-01T00:00:00.000000000,56.226448,43200,17.46,98.6,20.322062,0.0978
2006-10-01T00:00:00.000000000,62.98141,44627,13.24,100.4,22.450375,0.1063
2006-11-01T00:00:00.000000000,66.50006,43186,19.16,100.4,21.174713,0.1019
2006-12-01T00:00:00.000000000,73.329384,44640,26.13,100.3,17.382183,0.0823
2007-01-01T00:00:00.000000000,76.48389,44640,22.89,99.3,15.508828,0.0734
2007-02-01T00:00:00.000000000,69.06058,40320,13.38,99.7,19.54648,0.0973
2007-03-01T00:00:00.000000000,71.17277,44640,10.69,99.5,22.90229,0.1084
2007-04-01T00:00:00.000000000,72.98004,43190,26.11,99.0,18.031683,0.0868
2007-05-01T00:00:00.000000000,80.25501,42708,29.11,99.0,16.51054,0.0799
2007-06-01T00:00:00.000000000,79.072075,43197,-0.002,99.0,18.768456,0.0903
2007-07-01T00:00:00.000000000,76.274155,44640,31.43,98.7,17.976665,0.0851
2007-08-01T00:00:00.000000000,64.56872,44640,18.66,97.7,20.369688,0.0964
2007-09-01T00:00:00.000000000,70.11065,43200,18.4,98.1,19.030787,0.0916
2007-10-01T00:00:00.000000000,68.898735,44625,25.93,97.2,18.302742,0.0866
2007-11-01T00:00:00.000000000,62.82809,43200,15.02,97.3,20.447542,0.0984
2007-12-01T00:00:00.000000000,81.80559,42711,23.23,100.1,17.159735,0.083
2008-01-01T00:00:00.000000000,66.72312,44640,14.95,99.8,18.512192,0.0876
2008-02-01T00:00:00.000000000,72.96826,41760,19.17,99.5,19.062632,0.0933
2008-03-01T00:00:00.000000000,66.053795,44147,19.02,97.9,19.861359,0.0945
2008-04-01T00:00:00.000000000,65.58221,39516,16.74,97.9,20.660057,0.1039
2008-05-01T00:00:00.000000000,68.85048,44640,19.23,96.8,20.19552,0.0956
2008-06-01T00:00:00.000000000,69.18905,43200,24.3,97.4,18.078152,0.087
2008-07-01T00:00:00.000000000,64.77116,44640,23.82,97.2,19.709469,0.0933
2008-08-01T00:00:00.000000000,68.18735,44640,17.1,96.3,20.722816,0.0981
2008-09-01T00:00:00.000000000,73.05079,43198,19.91,97.2,19.555275,0.0941
2008-10-01T00:00:00.000000000,67.93331,44533,20.64,96.9,20.19989,0.0957
2008-11-01T00:00:00.000000000,64.126465,43199,15.15,96.6,18.563267,0.0893
2008-12-01T00:00:00.000000000,65.44678,44638,19.09,98.9,19.182669,0.0908
2009-01-01T00:00:00.000000000,60.61752,44640,13.44,99.2,19.855288,0.094
2009-02-01T00:00:00.000000000,57.134373,40319,11.56,96.8,19.60525,0.0976
2009-03-01T00:00:00.000000000,60.962215,44640,11.3,98.0,19.582254,0.0927
2009-04-01T00:00:00.000000000,64.45414,43189,11.06,97.4,21.14467,0.1017
2009-05-01T00:00:00.000000000,70.274414,44640,14.76,96.7,20.182728,0.0955
2009-06-01T00:00:00.000000000,60.07268,43189,18.76,96.5,20.44996,0.0984
2009-07-01T00:00:00.000000000,58.9086,44637,13.33,95.7,21.606873,0.1023
2009-08-01T00:00:00.000000000,66.95857,44628,22.89,95.8,18.885517,0.0894
2009-09-01T00:00:00.000000000,71.89238,43196,17.36,96.5,18.052359,0.0869
2009-10-01T00:00:00.000000000,75.72461,44628,15.09,97.4,18.802395,0.089
2009-11-01T00:00:00.000000000,72.61474,43198,23.35,97.2,18.263441,0.0879
2009-12-01T00:00:00.000000000,71.29729,44640,27.87,98.1,17.350224,0.0821
2010-01-01T00:00:00.000000000,76.613335,44638,28.49,99.0,17.18691,0.0813
2010-02-01T00:00:00.000000000,77.98434,40320,28.03,98.8,17.625002,0.0878
2010-03-01T00:00:00.000000000,69.46528,44639,15.47,98.6,18.884321,0.0894
2010-04-01T00:00:00.000000000,66.17514,43196,15.01,95.4,19.076376,0.0918
2010-05-01T00:00:00.000000000,70.98319,44636,12.21,96.3,19.008265,0.09
2010-06-01T00:00:00.000000000,68.77489,43199,25.0,95.3,18.09471,0.0871
2010-07-01T00:00:00.000000000,70.2708,44639,25.46,95.6,18.69243,0.0885
2010-08-01T00:00:00.000000000,57.130756,44640,19.06,96.0,21.29839,0.1008
2010-09-01T00:00:00.000000000,65.81438,41485,18.9,96.6,21.586828,0.106
2010-10-01T00:00:00.000000000,55.128105,44624,9.83,97.4,23.079782,0.1093
2010-11-01T00:00:00.000000000,63.841404,43198,16.15,97.2,21.846529,0.1051
2010-12-01T00:00:00.000000000,65.743614,44567,-0.007,98.8,19.286707,0.0914
2011-01-01T00:00:00.000000000,66.2907,44640,9.65,97.3,19.273302,0.0912
2011-02-01T00:00:00.000000000,69.13734,40279,15.31,99.1,18.370129,0.0915
2011-03-01T00:00:00.000000000,64.844894,44638,11.77,98.3,21.254469,0.1006
2011-04-01T00:00:00.000000000,53.38733,43192,10.75,97.3,24.191944,0.1164
2011-05-01T00:00:00.000000000,62.01905,44640,16.81,96.9,21.331518,0.101
2011-06-01T00:00:00.000000000,49.843742,41394,12.86,95.1,18.793621,0.0924
2011-07-01T00:00:00.000000000,42.020916,44639,10.42,92.1,19.070688,0.0903
2011-08-01T00:00:00.000000000,50.246532,44640,10.99,96.2,22.0504,0.1044
2011-09-01T00:00:00.000000000,53.381626,43200,14.11,96.7,22.118185,0.1064
2011-10-01T00:00:00.000000000,56.924973,44638,17.63,97.3,21.161814,0.1002
2011-11-01T00:00:00.000000000,66.865814,43184,18.39,97.9,19.85618,0.0956
2011-12-01T00:00:00.000000000,76.66299,44638,27.98,96.9,15.426692,0.073
2012-01-01T00:00:00.000000000,59.982056,44639,16.12,95.8,18.126263,0.0858
2012-02-01T00:00:00.000000000,69.302505,41760,17.21,98.3,20.353764,0.0996
2012-03-01T00:00:00.000000000,69.14259,44630,16.92,96.9,19.89937,0.0942
2012-04-01T00:00:00.000000000,69.89273,43189,18.17,97.0,18.248953,0.0878
2012-05-01T00:00:00.000000000,60.739635,44623,15.74,95.3,20.282654,0.096
2012-06-01T00:00:00.000000000,57.347874,43199,12.81,93.7,21.530218,0.1036
2012-07-01T00:00:00.000000000,40.01779,44640,11.04,86.8,17.930094,0.0849
2012-08-01T00:00:00.000000000,47.482018,44639,11.64,94.8,22.488832,0.1064
2012-09-01T00:00:00.000000000,51.15818,32052,11.27,96.0,22.56272,0.126
2012-10-01T00:00:00.000000000,52.61469,44625,9.5,96.1,21.282198,0.1007
2012-11-01T00:00:00.000000000,53.23356,43200,16.49,96.7,18.86739,0.0908
2012-12-01T00:00:00.000000000,58.028378,44640,12.08,97.1,21.811222,0.1032
2013-01-01T00:00:00.000000000,65.773705,44635,23.02,98.0,19.401972,0.0918
2013-02-01T00:00:00.000000000,68.04728,40195,14.7,98.6,21.513235,0.1073
2013-03-01T00:00:00.000000000,62.10824,44638,16.57,97.1,20.971237,0.0993
2013-04-01T00:00:00.000000000,68.76976,43191,18.83,97.6,20.286936,0.0976
2013-05-01T00:00:00.000000000,72.89562,44640,17.55,97.5,17.43687,0.0825
2013-06-01T00:00:00.000000000,63.66293,43200,20.6,96.9,20.417189,0.0982
2013-07-01T00:00:00.000000000,63.305397,44640,19.11,96.5,21.183414,0.1003
2013-08-01T00:00:00.000000000,70.49843,44635,16.75,97.4,20.572666,0.0974
2013-09-01T00:00:00.000000000,58.199574,43197,17.91,96.2,21.479448,0.1033
2013-10-01T00:00:00.000000000,66.32274,44627,12.62,97.3,20.144062,0.0954
2013-11-01T00:00:00.000000000,63.91253,43200,15.3,97.2,19.148714,0.0921
2013-12-01T00:00:00.000000000,71.55233,44638,19.49,99.6,19.321732,0.0915
2014-01-01T00:00:00.000000000,53.48056,44640,11.96,99.4,22.289051,0.1055
2014-02-01T00:00:00.000000000,62.719505,40318,13.72,97.8,21.14696,0.1053
2014-03-01T00:00:00.000000000,56.893463,44480,8.82,96.7,22.284552,0.1057
2014-04-01T00:00:00.000000000,51.24382,43198,11.17,98.4,21.401636,0.103
2014-05-01T00:00:00.000000000,55.692295,44631,6.331,97.5,24.779457,0.1173
2014-06-01T00:00:00.000000000,70.58559,43171,31.63,97.6,17.199326,0.0828
2014-07-01T00:00:00.000000000,63.74203,43710,18.95,104.0,19.768204,0.0946
2014-08-01T00:00:00.000000000,58.320038,44637,18.19,93.9,19.664072,0.0931
2014-09-01T00:00:00.000000000,61.781578,43137,19.97,93.5,18.872835,0.0909
2014-10-01T00:00:00.000000000,61.204147,44636,14.32,93.8,21.236536,0.1005
2014-11-01T00:00:00.000000000,60.203556,43199,19.13,94.5,18.407887,0.0886
2014-12-01T00:00:00.000000000,73.91964,44626,23.92,95.5,18.221777,0.0863
2015-01-01T00:00:00.000000000,57.915188,44639,14.11,95.8,20.810633,0.0985
2015-02-01T00:00:00.000000000,63.85004,39972,20.92,95.1,18.648663,0.0933
2015-03-01T00:00:00.000000000,64.076164,44636,12.41,95.4,21.814861,0.1033
2015-04-01T00:00:00.000000000,65.002594,43194,12.39,93.8,18.740145,0.0902
2015-05-01T00:00:00.000000000,75.660904,44638,27.36,93.6,15.439913,0.0731
2015-06-01T00:00:00.000000000,62.19152,43196,18.37,93.1,19.68894,0.0947
2015-07-01T00:00:00.000000000,64.63593,42117,22.93,92.9,17.97753,0.0876
2015-08-01T00:00:00.000000000,61.253788,44620,20.36,92.8,19.419174,0.0919
2015-09-01T00:00:00.000000000,60.72659,43197,20.96,92.9,19.322666,0.093
2015-10-01T00:00:00.000000000,58.146088,44632,11.14,93.1,21.506033,0.1018
2015-11-01T00:00:00.000000000,65.947075,42709,13.74,94.3,21.197496,0.1026
2015-12-01T00:00:00.000000000,70.71245,34382,22.42,93.4,16.401987,0.0885
2016-01-01T00:00:00.000000000,71.17249,44639,18.4,94.7,16.746944,0.0793
2016-02-01T00:00:00.000000000,53.436447,41746,12.66,93.6,18.457182,0.0903
2016-03-01T00:00:00.000000000,57.004593,44639,9.42,93.8,21.74489,0.1029
2016-04-01T00:00:00.000000000,62.015854,43187,13.78,93.2,22.276163,0.1072
2016-05-01T00:00:00.000000000,67.29008,44639,21.61,93.2,18.58154,0.0879
2016-06-01T00:00:00.000000000,61.07618,43195,15.18,92.6,20.255926,0.0975
2016-07-01T00:00:00.000000000,62.027023,44639,18.4,92.8,18.960396,0.0897
2016-08-01T00:00:00.000000000,64.20573,44624,21.5,92.7,18.592377,0.088
2016-09-01T00:00:00.000000000,66.10183,43199,23.62,93.1,17.721735,0.0853
2016-10-01T00:00:00.000000000,64.94157,44506,23.54,93.4,18.175915,0.0862
2016-11-01T00:00:00.000000000,62.830593,43198,17.25,93.6,19.476332,0.0937
2016-12-01T00:00:00.000000000,62.42584,44638,12.99,94.9,19.542439,0.0925
2017-01-01T00:00:00.000000000,63.58865,44639,14.43,94.8,20.07042,0.095
2017-02-01T00:00:00.000000000,60.99722,40274,18.08,94.3,20.0772,0.1
2017-03-01T00:00:00.000000000,58.55573,42088,8.59,94.7,22.247562,0.1084
2017-04-01T00:00:00.000000000,70.32021,43182,19.65,93.5,17.191957,0.0827
2017-05-01T00:00:00.000000000,63.711082,44561,19.26,93.4,19.292236,0.0914
2017-06-01T00:00:00.000000000,58.4955,43195,17.57,93.2,19.284384,0.0928
2017-07-01T00:00:00.000000000,60.114426,44638,19.14,93.0,19.627592,0.0929
2017-08-01T00:00:00.000000000,69.27045,44633,26.79,93.3,17.086662,0.0809
2017-09-01T00:00:00.000000000,59.311325,31129,18.35,93.1,20.607756,0.1168
2017-10-01T00:00:00.000000000,62.6172,41344,19.09,93.5,18.891422,0.0929
2017-11-01T00:00:00.000000000,64.46104,43199,17.79,93.8,19.49619,0.0938
2017-12-01T00:00:00.000000000,60.117638,44639,12.89,94.9,20.672604,0.0978
2018-01-01T00:00:00.000000000,53.70115,44211,10.19,96.0,18.138699,0.0863
2018-02-01T00:00:00.000000000,66.16568,40320,10.7,100.0,21.96428,0.1094
2018-03-01T00:00:00.000000000,59.714252,44640,11.21,99.7,23.107311,0.1094
2018-04-01T00:00:00.000000000,58.618935,42042,0.819,98.1,20.708998,0.101
2018-05-01T00:00:00.000000000,66.149666,44640,17.36,99.9,18.827341,0.0891
2018-06-01T00:00:00.000000000,66.433754,42783,25.08,98.4,17.323067,0.0838
2018-07-01T00:00:00.000000000,67.77022,44640,24.3,99.5,19.071486,0.0903
2018-08-01T00:00:00.000000000,67.46274,44640,24.25,100.1,19.4168,0.0919
2018-09-01T00:00:00.000000000,77.49655,43200,25.68,99.9,16.928246,0.0814
2018-10-01T00:00:00.000000000,78.067535,44557,25.69,100.1,18.466393,0.0875
2018-11-01T00:00:00.000000000,68.86248,43200,20.96,99.9,17.792976,0.0856
2018-12-01T00:00:00.000000000,69.66122,44640,17.26,100.0,17.84788,0.0845
2019-01-01T00:00:00.000000000,74.08098,44640,29.05,99.9,17.079365,0.0808
2019-02-01T00:00:00.000000000,77.741234,40320,26.04,99.9,18.418024,0.0917
2019-03-01T00:00:00.000000000,66.82693,44640,21.8,100.0,19.951038,0.0944
2019-04-01T00:00:00.000000000,66.92993,43121,27.26,100.1,19.36796,0.0933
2019-05-01T00:00:00.000000000,80.452644,44640,32.77,100.0,15.148372,0.0717
2019-06-01T00:00:00.000000000,72.62448,43200,26.31,100.0,18.980207,0.0913
2019-07-01T00:00:00.000000000,64.93268,44604,28.11,99.9,19.071259,0.0903
2019-08-01T00:00:00.000000000,75.02965,44640,31.4,100.4,17.04429,0.0807
2019-09-01T00:00:00.000000000,74.21993,43200,28.83,100.4,18.005621,0.0866
2019-10-01T00:00:00.000000000,67.518715,44640,14.5,99.9,21.350729,0.1011
2019-11-01T00:00:00.000000000,67.44983,42044,12.34,100.4,20.054796,0.0978
2019-12-01T00:00:00.000000000,69.46093,44640,16.88,100.3,19.715895,0.0933
2020-01-01T00:00:00.000000000,76.58898,44633,24.32,99.9,17.667818,0.0836
2020-02-01T00:00:00.000000000,69.451584,41760,18.32,100.2,18.491755,0.0905
2020-03-01T00:00:00.000000000,71.947876,44640,17.52,100.0,21.568666,0.1021
2020-04-01T00:00:00.000000000,66.848785,43200,23.07,98.8,19.376652,0.0932
2020-05-01T00:00:00.000000000,71.939186,44639,22.19,100.4,19.276693,0.0912
2020-06-01T00:00:00.000000000,61.19582,43199,19.22,99.4,20.311647,0.0977
2020-07-01T00:00:00.000000000,73.73775,44638,33.56,99.6,17.081549,0.0808
2020-08-01T00:00:00.000000000,70.81318,44639,30.55,99.7,17.877945,0.0846
2020-09-01T00:00:00.000000000,74.035675,43198,14.35,100.4,20.901499,0.1006
2020-10-01T00:00:00.000000000,61.588516,38849,14.87,101.8,22.375872,0.1135
2020-11-01T00:00:00.000000000,68.903755,43197,14.32,101.8,21.52669,0.1036
2020-12-01T00:00:00.000000000,75.21738,44620,16.47,101.7,18.660181,0.0883
2021-01-01T00:00:00.000000000,76.30021,44635,18.2,101.7,17.987072,0.0851
2021-02-01T00:00:00.000000000,75.87831,40316,22.6,101.8,16.13803,0.0804
2021-03-01T00:00:00.000000000,67.62577,44397,16.97,101.8,22.076298,0.1048
2021-04-01T00:00:00.000000000,65.71113,43197,21.54,101.8,21.123524,0.1016
2021-05-01T00:00:00.000000000,80.7201,44638,26.67,101.9,17.701038,0.0838
2021-06-01T00:00:00.000000000,75.324196,43198,22.23,101.9,20.38813,0.0981
2021-07-01T00:00:00.000000000,73.251274,44640,31.27,101.6,19.23779,0.0911
2021-08-01T00:00:00.000000000,69.570045,44640,27.19,101.5,18.541733,0.0878
2021-09-01T00:00:00.000000000,56.99455,43200,18.44,101.5,21.847506,0.1051
2021-10-01T00:00:00.000000000,66.971825,44637,2.237,101.9,22.012667,0.1042
2021-11-01T00:00:00.000000000,62.40035,43200,17.94,100.5,21.292871,0.1024
2021-12-01T00:00:00.000000000,57.332985,44640,14.06,100.5,19.493473,0.0923
2022-01-01T00:00:00.000000000,56.17555,44640,15.51,98.8,20.122036,0.0952
2022-02-01T00:00:00.000000000,60.131733,40320,11.1,97.0,19.324259,0.0962
2022-03-01T00:00:00.000000000,57.153847,44640,8.16,100.5,22.566475,0.1068
2022-04-01T00:00:00.000000000,55.392136,43200,10.72,100.5,21.151691,0.1018
2022-05-01T00:00:00.000000000,72.76911,44640,24.25,100.5,18.047523,0.0854
2022-06-01T00:00:00.000000000,66.38746,43200,21.67,99.9,20.120304,0.0968
2022-07-01T00:00:00.000000000,53.240253,44580,15.56,100.4,21.01658,0.0995
2022-08-01T00:00:00.000000000,60.644966,44640,24.4,100.2,19.344307,0.0916
2022-09-01T00:00:00.000000000,58.230812,43200,16.93,99.7,21.141678,0.1017
2022-10-01T00:00:00.000000000,50.349785,43200,9.75,99.5,21.607403,0.104
2022-11-01T00:00:00.000000000,73.08083,43200,26.44,100.2,18.323435,0.0882
2022-12-01T00:00:00.000000000,72.79659,44640,22.99,100.1,20.384453,0.0965
2023-01-01T00:00:00.000000000,71.57976,44640,26.88,100.1,19.407715,0.0919
2023-02-01T00:00:00.000000000,62.014725,40320,19.77,100.1,18.62611,0.0928
2023-03-01T00:00:00.000000000,65.03276,44640,10.25,100.1,21.909071,0.1037
2023-04-01T00:00:00.000000000,56.828747,43199,9.11,100.2,26.14974,0.1258
2023-05-01T00:00:00.000000000,78.117775,44640,18.0,100.4,20.994707,0.0994
2023-06-01T00:00:00.000000000,73.34281,43200,27.5,100.1,21.554743,0.1037
2023-07-01T00:00:00.000000000,70.02026,44640,23.35,100.1,21.459515,0.1016
2023-08-01T00:00:00.000000000,63.527477,44640,19.47,100.1,22.779799,0.1078
2023-09-01T00:00:00.000000000,62.144093,43200,15.28,100.4,24.06915,0.1158
2023-10-01T00:00:00.000000000,63.890514,44640,16.97,100.5,22.825283,0.108
2023-11-01T00:00:00.000000000,70.34418,43199,18.8,100.3,19.593304,0.0943
2023-12-01T00:00:00.000000000,75.16025,44640,25.17,100.4,18.37797,0.087
2024-01-01T00:00:00.000000000,77.32656,44640,29.29,100.4,19.535208,0.0925
2024-02-01T00:00:00.000000000,65.782585,41760,16.34,100.4,21.439703,0.1049
2024-03-01T00:00:00.000000000,66.1712,44640,15.53,100.4,22.075993,0.1045
2024-04-01T00:00:00.000000000,58.03804,41745,12.72,100.4,23.109343,0.1131
2024-05-01T00:00:00.000000000,74.61137,44640,18.93,100.4,20.112106,0.0952
2024-06-01T00:00:00.000000000,67.10752,43200,23.58,100.5,19.644823,0.0945
2024-07-01T00:00:00.000000000,64.82296,44640,23.6,100.5,21.095938,0.0998
2024-08-01T00:00:00.000000000,61.456654,44640,24.47,100.4,19.02317,0.09
2024-09-01T00:00:00.000000000,60.75694,43200,16.3,100.4,22.731598,0.1094
2024-10-01T00:00:00.000000000,46.110004,44640,14.52,100.3,18.220737,0.0862
2024-11-01T00:00:00.000000000,76.27601,43192,19.14,100.4,19.794464,0.0952
2024-12-01T00:00:00.000000000,72.68458,44609,-0.329,100.5,21.482927,0.1017
