2000-07-01T00:00:00.000000000,26.140312,24538
2000-08-01T00:00:00.000000000,19.828472,23075
2000-09-01T00:00:00.000000000,21.866598,20457
2000-10-01T00:00:00.000000000,47.23623,17665
2000-11-01T00:00:00.000000000,43.573383,16448
2000-12-01T00:00:00.000000000,43.87848,15989
2001-01-01T00:00:00.000000000,37.89827,15934
2001-02-01T00:00:00.000000000,64.40298,25478
2001-03-01T00:00:00.000000000,58.328617,40208
2001-04-01T00:00:00.000000000,49.726967,44709
2001-05-01T00:00:00.000000000,41.868233,69873
2001-06-01T00:00:00.000000000,32.466656,70748
2001-07-01T00:00:00.000000000,24.333181,41617
2001-08-01T00:00:00.000000000,26.580444,50718
2001-09-01T00:00:00.000000000,33.571346,61299
2002-01-01T00:00:00.000000000,33.574173,10462
2002-02-01T00:00:00.000000000,38.36114,3824
2002-03-01T00:00:00.000000000,43.846344,58234
2002-04-01T00:00:00.000000000,50.70636,60281
2002-05-01T00:00:00.000000000,55.00404,48531
2002-06-01T00:00:00.000000000,34.59381,48118
2002-07-01T00:00:00.000000000,43.924877,49386
2002-08-01T00:00:00.000000000,40.70425,46458
2002-09-01T00:00:00.000000000,28.741837,40916
2002-10-01T00:00:00.000000000,65.85525,37740
2002-11-01T00:00:00.000000000,29.494574,32523
2002-12-01T00:00:00.000000000,45.683628,31817
2003-01-01T00:00:00.000000000,34.894905,32942
2003-02-01T00:00:00.000000000,63.411213,32871
2003-03-01T00:00:00.000000000,46.024593,40745
2003-04-01T00:00:00.000000000,37.42347,43578
2003-05-01T00:00:00.000000000,49.32608,48442
2003-06-01T00:00:00.000000000,62.240707,19717
2003-07-01T00:00:00.000000000,24.978142,49502
2003-08-01T00:00:00.000000000,41.777885,46584
2003-09-01T00:00:00.000000000,45.037548,41175
2003-10-01T00:00:00.000000000,37.497013,38013
2003-11-01T00:00:00.000000000,57.92594,32934
2003-12-01T00:00:00.000000000,35.56389,31900
2004-01-01T00:00:00.000000000,43.886833,33031
2004-02-01T00:00:00.000000000,43.114323,34210
2004-03-01T00:00:00.000000000,39.01878,40893
2004-04-01T00:00:00.000000000,47.621063,43725
2004-05-01T00:00:00.000000000,35.92691,48639
2004-06-01T00:00:00.000000000,50.967316,48461
2004-07-01T00:00:00.000000000,41.959682,49383
2004-08-01T00:00:00.000000000,37.12951,46529
2004-09-01T00:00:00.000000000,22.124386,41082
2004-10-01T00:00:00.000000000,56.571457,37973
2004-11-01T00:00:00.000000000,67.10331,32881
2004-12-01T00:00:00.000000000,26.642643,31884
2005-01-01T00:00:00.000000000,60.351,32829.0
2005-02-01T00:00:00.000000000,57.8077,32938.0
2005-03-01T00:00:00.000000000,36.045307,21498.0
2005-04-01T00:00:00.000000000,22.660563,33469.0
2005-05-01T00:00:00.000000000,15.225039,48404.0
2005-06-01T00:00:00.000000000,19.968048,10599.0
2005-07-01T00:00:00.000000000,nan,nan
2005-08-01T00:00:00.000000000,42.98346,44113.0
2005-09-01T00:00:00.000000000,27.230604,40919.0
2005-10-01T00:00:00.000000000,38.045097,38049.0
2005-11-01T00:00:00.000000000,23.09448,32655.0
2005-12-01T00:00:00.000000000,32.359844,31541.0
2006-01-01T00:00:00.000000000,25.084217,33093
2006-02-01T00:00:00.000000000,33.29066,33089
2006-03-01T00:00:00.000000000,49.754936,39391
2006-04-01T00:00:00.000000000,35.65565,43660
2006-05-01T00:00:00.000000000,34.98673,46568
2006-06-01T00:00:00.000000000,24.081436,48689
2006-07-01T00:00:00.000000000,27.079823,49518
2006-08-01T00:00:00.000000000,37.740776,45856
2006-09-01T00:00:00.000000000,32.071037,41088
2006-10-01T00:00:00.000000000,35.010994,38108
2006-11-01T00:00:00.000000000,30.958847,27237
2006-12-01T00:00:00.000000000,37.25282,31904
2007-01-01T00:00:00.000000000,31.035423,32859
2007-02-01T00:00:00.000000000,34.827274,32971
2007-03-01T00:00:00.000000000,43.555206,39924
2007-04-01T00:00:00.000000000,42.93126,42129
2007-05-01T00:00:00.000000000,60.563652,45741
2007-06-01T00:00:00.000000000,59.301403,44983
2007-07-01T00:00:00.000000000,41.97615,35977
2007-08-01T00:00:00.000000000,30.501194,5026
2007-09-01T00:00:00.000000000,41.01289,40423
2007-10-01T00:00:00.000000000,22.500475,37872
2007-11-01T00:00:00.000000000,23.26083,32803
2007-12-01T00:00:00.000000000,45.525654,30463
2008-01-01T00:00:00.000000000,27.403564,33048
2008-02-01T00:00:00.000000000,41.94541,31783
2008-03-01T00:00:00.000000000,46.503063,40973
2008-04-01T00:00:00.000000000,41.60787,39433
2008-05-01T00:00:00.000000000,36.437393,47504
2008-06-01T00:00:00.000000000,34.412296,47939
2008-07-01T00:00:00.000000000,37.70255,47934
2008-08-01T00:00:00.000000000,47.560036,46138
2008-09-01T00:00:00.000000000,41.422974,40830
2008-10-01T00:00:00.000000000,28.388348,38033
2008-11-01T00:00:00.000000000,26.768232,32183
2008-12-01T00:00:00.000000000,37.335392,31894
2009-01-01T00:00:00.000000000,29.08381,33110
2009-02-01T00:00:00.000000000,25.088642,32998
2009-03-01T00:00:00.000000000,53.671715,40818
2009-04-01T00:00:00.000000000,48.81574,43541
2009-05-01T00:00:00.000000000,42.890255,48276
2009-06-01T00:00:00.000000000,34.683327,46035
2009-07-01T00:00:00.000000000,36.406162,49234
2009-08-01T00:00:00.000000000,29.348501,46502
2009-09-01T00:00:00.000000000,57.25484,41073
2009-10-01T00:00:00.000000000,58.655815,38000
2009-11-01T00:00:00.000000000,38.424362,32894
2009-12-01T00:00:00.000000000,43.282898,31888
2010-01-01T00:00:00.000000000,44.363564,31956
2010-02-01T00:00:00.000000000,55.428513,33089
2010-03-01T00:00:00.000000000,52.77229,40903
2010-04-01T00:00:00.000000000,41.725815,43489
2010-05-01T00:00:00.000000000,48.094975,45938
2010-06-01T00:00:00.000000000,35.24685,48661
2010-07-01T00:00:00.000000000,39.91402,45523
2010-08-01T00:00:00.000000000,26.78673,44951
2010-09-01T00:00:00.000000000,36.096577,38280
2010-10-01T00:00:00.000000000,20.368776,37882
2010-11-01T00:00:00.000000000,28.538216,32110
2010-12-01T00:00:00.000000000,43.0368,31422
2011-01-01T00:00:00.000000000,35.0212,33068
2011-02-01T00:00:00.000000000,32.847218,23087
2011-03-01T00:00:00.000000000,48.97331,34431
2011-04-01T00:00:00.000000000,42.92633,43689
2011-05-01T00:00:00.000000000,43.86951,48596
2011-06-01T00:00:00.000000000,30.934095,48680
2011-07-01T00:00:00.000000000,30.641043,43978
2011-08-01T00:00:00.000000000,33.35694,44181
2011-09-01T00:00:00.000000000,25.499863,41235
2011-10-01T00:00:00.000000000,24.087782,38425
2011-11-01T00:00:00.000000000,39.281998,34276
2011-12-01T00:00:00.000000000,46.743065,29981
2012-01-01T00:00:00.000000000,17.10557,34471
2012-02-01T00:00:00.000000000,46.493275,35498
2012-03-01T00:00:00.000000000,37.89812,42040
2012-04-01T00:00:00.000000000,45.979797,44964
2012-05-01T00:00:00.000000000,31.643784,45883
2012-06-01T00:00:00.000000000,25.11552,43458
2012-07-01T00:00:00.000000000,17.565067,50479
2012-08-01T00:00:00.000000000,23.484777,47765
2012-09-01T00:00:00.000000000,31.734032,41631
2012-10-01T00:00:00.000000000,27.212181,37880
2012-11-01T00:00:00.000000000,10.603938,32306
2012-12-01T00:00:00.000000000,31.266527,32772
2013-01-01T00:00:00.000000000,33.6719,33135
2013-02-01T00:00:00.000000000,28.53803,30283
2013-03-01T00:00:00.000000000,37.28582,42169
2013-04-01T00:00:00.000000000,48.64032,44963
2013-05-01T00:00:00.000000000,48.465237,49959
2013-06-01T00:00:00.000000000,26.340456,50016
2013-07-01T00:00:00.000000000,33.50083,50842
2013-08-01T00:00:00.000000000,27.877916,47834
2013-09-01T00:00:00.000000000,25.609089,42374
2013-10-01T00:00:00.000000000,34.747723,37882
2013-11-01T00:00:00.000000000,38.134674,31808
2013-12-01T00:00:00.000000000,45.400883,33369
2014-01-01T00:00:00.000000000,25.320557,34437
2014-02-01T00:00:00.000000000,44.106117,34188
2014-03-01T00:00:00.000000000,36.69398,41499
2014-04-01T00:00:00.000000000,39.312008,44816
2014-05-01T00:00:00.000000000,38.829643,48449
2014-06-01T00:00:00.000000000,39.251064,48185
2014-07-01T00:00:00.000000000,33.398697,50865
2014-08-01T00:00:00.000000000,19.206057,47863
2014-09-01T00:00:00.000000000,33.246655,41917
2014-10-01T00:00:00.000000000,31.77852,39328
2014-11-01T00:00:00.000000000,33.944958,34220
2014-12-01T00:00:00.000000000,59.806202,30808
2015-01-01T00:00:00.000000000,35.21713,34438
2015-02-01T00:00:00.000000000,34.341713,34167
2015-03-01T00:00:00.000000000,42.788273,42026
2015-04-01T00:00:00.000000000,49.286804,44797
2015-05-01T00:00:00.000000000,61.426826,49860
2015-06-01T00:00:00.000000000,30.291489,49219
2015-07-01T00:00:00.000000000,35.08489,50749
2015-08-01T00:00:00.000000000,31.174414,47819
2015-09-01T00:00:00.000000000,30.615015,42374
2015-10-01T00:00:00.000000000,35.15306,39209
2015-11-01T00:00:00.000000000,29.883373,34052
2015-12-01T00:00:00.000000000,38.934475,30010
2016-01-01T00:00:00.000000000,45.407352,32751
2016-02-01T00:00:00.000000000,16.811617,35376
2016-03-01T00:00:00.000000000,37.568527,42204
2016-04-01T00:00:00.000000000,38.07188,44164
2016-05-01T00:00:00.000000000,46.07814,49962
2016-06-01T00:00:00.000000000,31.300144,49996
2016-07-01T00:00:00.000000000,32.355156,50822
2016-08-01T00:00:00.000000000,35.75498,47794
2016-09-01T00:00:00.000000000,31.990547,42313
2016-10-01T00:00:00.000000000,29.368711,39295
2016-11-01T00:00:00.000000000,28.495665,34240
2016-12-01T00:00:00.000000000,41.495583,30767
2017-01-01T00:00:00.000000000,35.684593,26172
2017-02-01T00:00:00.000000000,36.50937,32253
2017-03-01T00:00:00.000000000,46.0784,37068
2017-04-01T00:00:00.000000000,57.717873,7674
2017-05-01T00:00:00.000000000,40.934727,834
2017-06-01T00:00:00.000000000,nan,0
2017-07-01T00:00:00.000000000,nan,0
2017-08-01T00:00:00.000000000,nan,0
2017-09-01T00:00:00.000000000,nan,0
2017-10-01T00:00:00.000000000,nan,0
2017-11-01T00:00:00.000000000,nan,0
2017-12-01T00:00:00.000000000,nan,0
2018-01-01T00:00:00.000000000,nan,0
2018-02-01T00:00:00.000000000,nan,0
2018-03-01T00:00:00.000000000,nan,0
2018-04-01T00:00:00.000000000,nan,0
2018-05-01T00:00:00.000000000,nan,0
2018-06-01T00:00:00.000000000,nan,0
2018-07-01T00:00:00.000000000,nan,0
2018-08-01T00:00:00.000000000,nan,0
2018-09-01T00:00:00.000000000,nan,0
2018-10-01T00:00:00.000000000,nan,0
2018-11-01T00:00:00.000000000,nan,0
2018-12-01T00:00:00.000000000,nan,0
2019-01-01T00:00:00.000000000,nan,0
2019-02-01T00:00:00.000000000,nan,0
2019-03-01T00:00:00.000000000,nan,0
2019-04-01T00:00:00.000000000,nan,0
2019-05-01T00:00:00.000000000,nan,0
2019-06-01T00:00:00.000000000,26.515574,17847
2019-07-01T00:00:00.000000000,26.216846,50859
2019-08-01T00:00:00.000000000,49.244495,47862
2019-09-01T00:00:00.000000000,39.803905,42418
2019-10-01T00:00:00.000000000,41.2441,39311
2019-11-01T00:00:00.000000000,35.182262,34307
2019-12-01T00:00:00.000000000,46.303337,33064
2020-01-01T00:00:00.000000000,44.585815,33910
2020-02-01T00:00:00.000000000,59.32806,32615
2020-03-01T00:00:00.000000000,63.865116,40804
2020-04-01T00:00:00.000000000,60.20286,2028
2020-05-01T00:00:00.000000000,nan,0
2020-06-01T00:00:00.000000000,31.963507,47189
2020-07-01T00:00:00.000000000,43.85213,50810
2020-08-01T00:00:00.000000000,38.872936,47794
2020-09-01T00:00:00.000000000,65.060616,42310
2020-10-01T00:00:00.000000000,47.735035,39290
2020-11-01T00:00:00.000000000,36.354454,34137
2020-12-01T00:00:00.000000000,43.675694,33358
2021-01-01T00:00:00.000000000,62.442455,34547
2021-02-01T00:00:00.000000000,58.08388,34294
2021-03-01T00:00:00.000000000,41.020164,41705
2021-04-01T00:00:00.000000000,46.380035,44953
2021-05-01T00:00:00.000000000,61.095615,49965
2021-06-01T00:00:00.000000000,38.991367,50020
2021-07-01T00:00:00.000000000,35.80504,50549
2021-08-01T00:00:00.000000000,37.437607,47477
2021-09-01T00:00:00.000000000,25.276997,42353
2021-10-01T00:00:00.000000000,28.692112,38849
2021-11-01T00:00:00.000000000,34.640354,34260
2021-12-01T00:00:00.000000000,32.970154,33360
2022-01-01T00:00:00.000000000,31.7876,34416
2022-02-01T00:00:00.000000000,34.296448,34248
2022-03-01T00:00:00.000000000,39.026775,39251
2022-04-01T00:00:00.000000000,45.666534,44659
2022-05-01T00:00:00.000000000,43.55567,49842
2022-06-01T00:00:00.000000000,30.8826,48865
2022-07-01T00:00:00.000000000,36.435722,50829
2022-08-01T00:00:00.000000000,30.07644,46827
2022-09-01T00:00:00.000000000,25.111513,42386
2022-10-01T00:00:00.000000000,39.649197,38883
2022-11-01T00:00:00.000000000,42.187862,34286
2022-12-01T00:00:00.000000000,57.45672,32837
2023-01-01T00:00:00.000000000,48.529102,32625
2023-02-01T00:00:00.000000000,52.484062,34243
2023-03-01T00:00:00.000000000,67.33876,33518
2023-04-01T00:00:00.000000000,42.66972,40923
2023-05-01T00:00:00.000000000,62.307976,44183
2023-06-01T00:00:00.000000000,46.1838,47971
2023-07-01T00:00:00.000000000,41.545097,50872
2023-08-01T00:00:00.000000000,34.90128,47783
2023-09-01T00:00:00.000000000,40.38249,42421
2023-10-01T00:00:00.000000000,30.88227,14032
2023-11-01T00:00:00.000000000,nan,0
2023-12-01T00:00:00.000000000,55.302692,17257
